"pop_name","sim","init_total_age1plus","init_vulnerable_ageplus","init_adults_ageplus","adult_frac_within_vulnerable"
"Suwannee",1,10721,6757,5453,0.807014947461891
"Suwannee",2,10721,4930,4780,0.969574036511156
"Suwannee",3,10721,8034,6202,0.771969131192432
"Suwannee",4,10721,7787,7260,0.932323102606909
"Suwannee",5,10721,4170,3785,0.907673860911271
"Suwannee",6,10721,8575,7877,0.918600583090379
"Suwannee",7,10721,4851,4510,0.929705215419501
"Suwannee",8,10721,8531,7682,0.900480600164107
"Suwannee",9,10721,6376,5252,0.823713927227102
"Suwannee",10,10721,6522,6264,0.960441582336707
"Suwannee",11,10721,5896,5725,0.970997286295794
"Suwannee",12,10721,5047,4891,0.969090548840896
"Suwannee",13,10721,7016,6452,0.919612314709236
"Suwannee",14,10721,6463,5837,0.903140956212285
"Suwannee",15,10721,4583,4020,0.877154702160157
"Suwannee",16,10721,4374,4247,0.970964791952446
"Suwannee",17,10721,6268,5867,0.93602425015954
"Suwannee",18,10721,6179,5369,0.868910826994659
"Suwannee",19,10721,7097,6469,0.911511906439341
"Suwannee",20,10721,6922,6116,0.883559664836752
"Suwannee",21,10721,7263,6818,0.938730552113452
"Suwannee",22,10721,7067,5933,0.839535870949484
"Suwannee",23,10721,6769,6367,0.940611611759492
"Suwannee",24,10721,6242,5807,0.930310797821211
"Suwannee",25,10721,6817,6117,0.89731553469268
"Suwannee",26,10721,4126,3925,0.95128453708192
"Suwannee",27,10721,7235,6405,0.885279889426399
"Suwannee",28,10721,7861,7108,0.904210660221346
"Suwannee",29,10721,7244,6040,0.833793484262838
"Suwannee",30,10721,4462,4278,0.958762886597938
"Suwannee",31,10721,6194,5639,0.910397158540523
"Suwannee",32,10721,5817,5429,0.933298951349493
"Suwannee",33,10721,7634,6836,0.895467644747184
"Suwannee",34,10721,8580,6375,0.743006993006993
"Suwannee",35,10721,6772,5146,0.75989367985824
"Suwannee",36,10721,7545,6565,0.870112657388999
"Suwannee",37,10721,7377,6508,0.882201436898468
"Suwannee",38,10721,5668,5233,0.923253352152435
"Suwannee",39,10721,6212,5767,0.928364455891822
"Suwannee",40,10721,7113,5680,0.798537888373401
"Suwannee",41,10721,8103,7324,0.903862766876465
"Suwannee",42,10721,6057,5637,0.930658741951461
"Suwannee",43,10721,7092,6861,0.967428087986464
"Suwannee",44,10721,5746,5021,0.873825269752872
"Suwannee",45,10721,5420,4533,0.836346863468635
"Suwannee",46,10721,7410,5851,0.789608636977058
"Suwannee",47,10721,5187,4743,0.914401388085599
"Suwannee",48,10721,7668,6943,0.905451225873761
"Suwannee",49,10721,4470,4335,0.969798657718121
"Suwannee",50,10721,6139,5120,0.834012054080469
"Suwannee",51,10721,5978,5086,0.850786216125795
"Suwannee",52,10721,6326,6006,0.94941511223522
"Suwannee",53,10721,6885,6249,0.907625272331155
"Suwannee",54,10721,6016,5324,0.884973404255319
"Suwannee",55,10721,6145,5184,0.843612693246542
"Suwannee",56,10721,6439,5926,0.920329243671378
"Suwannee",57,10721,5612,5240,0.933713471133286
"Suwannee",58,10721,5276,3738,0.708491281273692
"Suwannee",59,10721,7169,6301,0.878923141302832
"Suwannee",60,10721,6718,5859,0.872134563858291
"Suwannee",61,10721,8120,7439,0.916133004926108
"Suwannee",62,10721,5190,4380,0.84393063583815
"Suwannee",63,10721,5010,4466,0.891417165668663
"Suwannee",64,10721,5402,4873,0.902073306182895
"Suwannee",65,10721,4994,4877,0.976571886263516
"Suwannee",66,10721,5994,5007,0.835335335335335
"Suwannee",67,10721,6992,6585,0.94179061784897
"Suwannee",68,10721,5821,5172,0.888507129359217
"Suwannee",69,10721,2994,2682,0.895791583166333
"Suwannee",70,10721,6592,5885,0.892748786407767
"Suwannee",71,10721,5899,5435,0.921342600440753
"Suwannee",72,10721,5244,4620,0.881006864988558
"Suwannee",73,10721,7508,6273,0.835508790623335
"Suwannee",74,10721,7162,6559,0.915805640882435
"Suwannee",75,10721,6224,5657,0.908901028277635
"Suwannee",76,10721,6415,5716,0.89103663289166
"Suwannee",77,10721,6640,6191,0.932379518072289
"Suwannee",78,10721,6087,5247,0.862000985707245
"Suwannee",79,10721,5613,4830,0.860502405130946
"Suwannee",80,10721,6248,5510,0.881882202304737
"Suwannee",81,10721,5792,4882,0.842886740331492
"Suwannee",82,10721,2761,2278,0.825063382832307
"Suwannee",83,10721,6781,5582,0.823182421471759
"Suwannee",84,10721,4201,3275,0.7795762913592
"Suwannee",85,10721,6777,5259,0.776007082779991
"Suwannee",86,10721,7358,6601,0.897118782277793
"Suwannee",87,10721,6205,5688,0.916680096696213
"Suwannee",88,10721,6113,5861,0.958776378210371
"Suwannee",89,10721,6787,6107,0.899808457344924
"Suwannee",90,10721,6316,4669,0.73923369221026
"Suwannee",91,10721,6054,5360,0.885365047902213
"Suwannee",92,10721,6207,5808,0.935717738037699
"Suwannee",93,10721,6265,5853,0.934237829209896
"Suwannee",94,10721,7176,6263,0.872770345596433
"Suwannee",95,10721,5795,4998,0.862467644521139
"Suwannee",96,10721,4275,3713,0.868538011695906
"Suwannee",97,10721,3483,2884,0.828021820269882
"Suwannee",98,10721,3788,3658,0.965681098204857
"Suwannee",99,10721,6309,5527,0.876050087177049
"Suwannee",100,10721,7107,6551,0.921767271703954
"Suwannee",101,10721,5935,5434,0.91558550968829
"Suwannee",102,10721,6339,5868,0.925698059630857
"Suwannee",103,10721,7335,5414,0.738104976141786
"Suwannee",104,10721,4069,3748,0.921110838043745
"Suwannee",105,10721,5755,5288,0.918853171155517
"Suwannee",106,10721,4638,4212,0.908150064683053
"Suwannee",107,10721,5154,4758,0.923166472642608
"Suwannee",108,10721,5658,5420,0.957935666313185
"Suwannee",109,10721,6455,6093,0.943919442292796
"Suwannee",110,10721,6553,6405,0.977414924462078
"Suwannee",111,10721,7032,4888,0.695108077360637
"Suwannee",112,10721,7329,6700,0.914176558875699
"Suwannee",113,10721,7446,6720,0.902497985495568
"Suwannee",114,10721,7103,6703,0.943685766577502
"Suwannee",115,10721,6869,6301,0.91730965205998
"Suwannee",116,10721,5143,4740,0.921641065525958
"Suwannee",117,10721,4460,4145,0.929372197309417
"Suwannee",118,10721,7698,6759,0.878020265003897
"Suwannee",119,10721,7342,6060,0.825388177608281
"Suwannee",120,10721,7112,6837,0.961332958380202
"Suwannee",121,10721,6288,5350,0.850826972010178
"Suwannee",122,10721,5195,4934,0.949759384023099
"Suwannee",123,10721,6671,5342,0.800779493329336
"Suwannee",124,10721,4136,3840,0.928433268858801
"Suwannee",125,10721,7377,6857,0.929510641182052
"Suwannee",126,10721,7135,6515,0.913104414856342
"Suwannee",127,10721,6566,6036,0.919281145293938
"Suwannee",128,10721,6539,6308,0.964673497476678
"Suwannee",129,10721,6661,5711,0.857378771956163
"Suwannee",130,10721,7199,5710,0.793165717460758
"Suwannee",131,10721,5944,5286,0.889300134589502
"Suwannee",132,10721,6856,6236,0.909568261376896
"Suwannee",133,10721,4917,4421,0.8991254830181
"Suwannee",134,10721,3778,3530,0.934356802541027
"Suwannee",135,10721,5447,5107,0.937580319441895
"Suwannee",136,10721,7889,6959,0.882114336417797
"Suwannee",137,10721,7032,6207,0.882679180887372
"Suwannee",138,10721,4562,3900,0.854888206926786
"Suwannee",139,10721,6488,5569,0.858353884093711
"Suwannee",140,10721,6720,6377,0.948958333333333
"Suwannee",141,10721,5704,5099,0.893934081346424
"Suwannee",142,10721,5878,5522,0.939435182034706
"Suwannee",143,10721,6475,5805,0.896525096525096
"Suwannee",144,10721,5873,5130,0.873488847267155
"Suwannee",145,10721,6325,4859,0.768221343873518
"Suwannee",146,10721,5462,5096,0.932991578176492
"Suwannee",147,10721,7099,6675,0.940273277926469
"Suwannee",148,10721,3818,3644,0.954426401257203
"Suwannee",149,10721,5321,4486,0.843074610035708
"Suwannee",150,10721,3760,3273,0.870478723404255
"Suwannee",151,10721,7110,6467,0.909563994374121
"Suwannee",152,10721,4971,4408,0.886743110038222
"Suwannee",153,10721,5075,4393,0.865615763546798
"Suwannee",154,10721,5379,4789,0.890314184792712
"Suwannee",155,10721,6547,6218,0.949747976172293
"Suwannee",156,10721,6220,5941,0.955144694533762
"Suwannee",157,10721,6816,6356,0.932511737089202
"Suwannee",158,10721,6747,5716,0.847191344301171
"Suwannee",159,10721,8227,7165,0.870912847939711
"Suwannee",160,10721,6857,6138,0.895143648826017
"Suwannee",161,10721,6211,5688,0.915794558042183
"Suwannee",162,10721,6062,4891,0.806829429231277
"Suwannee",163,10721,5363,5092,0.949468581018087
"Suwannee",164,10721,7456,6626,0.88868025751073
"Suwannee",165,10721,5409,4895,0.90497319282677
"Suwannee",166,10721,6228,5724,0.919075144508671
"Suwannee",167,10721,5348,5020,0.93866866118175
"Suwannee",168,10721,6519,5390,0.826813928516644
"Suwannee",169,10721,5945,4936,0.830277544154752
"Suwannee",170,10721,7179,6436,0.896503691321911
"Suwannee",171,10721,6990,6716,0.960801144492132
"Suwannee",172,10721,4628,4329,0.935393258426966
"Suwannee",173,10721,7171,6856,0.956073072095942
"Suwannee",174,10721,8631,7302,0.846020159888773
"Suwannee",175,10721,6128,5885,0.960345953002611
"Suwannee",176,10721,6943,6291,0.906092467233184
"Suwannee",177,10721,6664,6345,0.952130852340936
"Suwannee",178,10721,6627,5634,0.850158442734269
"Suwannee",179,10721,8511,8193,0.962636587945012
"Suwannee",180,10721,7371,6688,0.907339574006241
"Suwannee",181,10721,6486,5625,0.867252543940796
"Suwannee",182,10721,7200,6766,0.939722222222222
"Suwannee",183,10721,7587,7226,0.9524186107816
"Suwannee",184,10721,7266,6873,0.945912469033856
"Suwannee",185,10721,6797,5678,0.8353685449463
"Suwannee",186,10721,6347,5448,0.858358279502127
"Suwannee",187,10721,6269,5464,0.87159036528952
"Suwannee",188,10721,5271,4536,0.860557768924303
"Suwannee",189,10721,6865,6506,0.947705753823744
"Suwannee",190,10721,8114,7205,0.887971407443924
"Suwannee",191,10721,5837,5065,0.867740277539832
"Suwannee",192,10721,5910,5391,0.912182741116751
"Suwannee",193,10721,7594,7352,0.968132736370819
"Suwannee",194,10721,7226,6416,0.8879047882646
"Suwannee",195,10721,4368,3383,0.774496336996337
"Suwannee",196,10721,4774,4230,0.886049434436531
"Suwannee",197,10721,6272,5726,0.912946428571429
"Suwannee",198,10721,4364,4217,0.966315307057745
"Suwannee",199,10721,5335,4846,0.90834114339269
"Suwannee",200,10721,6365,5515,0.866457187745483
"Suwannee",201,10721,6481,6151,0.949081931800648
"Suwannee",202,10721,6657,6203,0.931801111611837
"Suwannee",203,10721,7444,7070,0.949758194519076
"Suwannee",204,10721,5635,4937,0.876131322094055
"Suwannee",205,10721,7044,6661,0.945627484383873
"Suwannee",206,10721,5963,5548,0.930404158980379
"Suwannee",207,10721,7481,6851,0.915786659537495
"Suwannee",208,10721,6505,5862,0.901152959262106
"Suwannee",209,10721,4634,4299,0.927708243418213
"Suwannee",210,10721,4999,4456,0.891378275655131
"Suwannee",211,10721,6372,5604,0.879472693032015
"Suwannee",212,10721,6643,5992,0.90200210748156
"Suwannee",213,10721,5818,4569,0.785321416294259
"Suwannee",214,10721,6704,6423,0.958084725536993
"Suwannee",215,10721,8275,6416,0.775347432024169
"Suwannee",216,10721,5253,4764,0.906910336950314
"Suwannee",217,10721,6713,6385,0.951139579919559
"Suwannee",218,10721,7841,6608,0.842749649279429
"Suwannee",219,10721,6341,5904,0.931083425327235
"Suwannee",220,10721,4979,4185,0.840530226953203
"Suwannee",221,10721,6001,5503,0.917013831028162
"Suwannee",222,10721,8175,7526,0.920611620795107
"Suwannee",223,10721,3323,2951,0.888052964188986
"Suwannee",224,10721,6840,6263,0.915643274853801
"Suwannee",225,10721,6105,4835,0.791973791973792
"Suwannee",226,10721,4438,4175,0.940739071653898
"Suwannee",227,10721,7036,6245,0.88757816941444
"Suwannee",228,10721,7055,6512,0.923033309709426
"Suwannee",229,10721,7639,6005,0.786097656761356
"Suwannee",230,10721,8379,7500,0.895094880057286
"Suwannee",231,10721,6006,5675,0.944888444888445
"Suwannee",232,10721,6312,4441,0.703580481622307
"Suwannee",233,10721,7373,5997,0.813373118133731
"Suwannee",234,10721,6956,6637,0.954140310523289
"Suwannee",235,10721,6037,5126,0.84909723372536
"Suwannee",236,10721,5413,4889,0.903196009606503
"Suwannee",237,10721,6844,5833,0.852279368790181
"Suwannee",238,10721,7017,6571,0.936440074105743
"Suwannee",239,10721,7243,6745,0.931243959685213
"Suwannee",240,10721,5894,5422,0.919918561248728
"Suwannee",241,10721,7297,6248,0.856242291352611
"Suwannee",242,10721,6549,5816,0.888074515193159
"Suwannee",243,10721,5464,4118,0.753660322108346
"Suwannee",244,10721,6309,6030,0.955777460770328
"Suwannee",245,10721,2577,2244,0.870779976717113
"Suwannee",246,10721,8095,7619,0.941198270537369
"Suwannee",247,10721,7145,6606,0.924562631210637
"Suwannee",248,10721,5572,5290,0.949389806173726
"Suwannee",249,10721,6619,6082,0.918869919927481
"Suwannee",250,10721,5427,4922,0.906946747742768
"Suwannee",251,10721,5852,5203,0.889097744360902
"Suwannee",252,10721,7645,6610,0.864617396991498
"Suwannee",253,10721,4614,4103,0.889250108365843
"Suwannee",254,10721,6319,6067,0.960120272194968
"Suwannee",255,10721,5728,5003,0.873428770949721
"Suwannee",256,10721,6195,5496,0.887167070217918
"Suwannee",257,10721,6628,6124,0.923958961979481
"Suwannee",258,10721,5796,5484,0.946169772256729
"Suwannee",259,10721,7844,7336,0.935237123916369
"Suwannee",260,10721,7542,7040,0.933439405993105
"Suwannee",261,10721,7499,7213,0.961861581544206
"Suwannee",262,10721,6391,6071,0.949929588483805
"Suwannee",263,10721,4210,3841,0.912351543942993
"Suwannee",264,10721,5922,4515,0.762411347517731
"Suwannee",265,10721,6661,6278,0.942501125957063
"Suwannee",266,10721,7448,6808,0.9140708915145
"Suwannee",267,10721,7204,6717,0.932398667406996
"Suwannee",268,10721,6019,5217,0.866755274962618
"Suwannee",269,10721,5922,5172,0.873353596757852
"Suwannee",270,10721,6276,5833,0.929413639260676
"Suwannee",271,10721,6589,6096,0.925178327515556
"Suwannee",272,10721,4310,3592,0.833410672853828
"Suwannee",273,10721,3649,3334,0.913674979446424
"Suwannee",274,10721,6365,5565,0.874312647289866
"Suwannee",275,10721,7778,7271,0.934816148110054
"Suwannee",276,10721,6639,6231,0.938544961590601
"Suwannee",277,10721,7153,6608,0.923808192366839
"Suwannee",278,10721,6380,6074,0.952037617554859
"Suwannee",279,10721,6115,5774,0.944235486508585
"Suwannee",280,10721,7746,7351,0.949005938548928
"Suwannee",281,10721,5222,4947,0.9473381846036
"Suwannee",282,10721,7751,6908,0.891239840020642
"Suwannee",283,10721,5072,4543,0.89570189274448
"Suwannee",284,10721,7193,6701,0.931600166828861
"Suwannee",285,10721,7376,6491,0.880016268980477
"Suwannee",286,10721,6152,5677,0.92278933680104
"Suwannee",287,10721,6937,6392,0.921435779155254
"Suwannee",288,10721,6931,6332,0.913576684461117
"Suwannee",289,10721,5652,4979,0.880927105449398
"Suwannee",290,10721,6695,6293,0.939955190440627
"Suwannee",291,10721,4903,4529,0.923720171323679
"Suwannee",292,10721,4967,4467,0.899335615059392
"Suwannee",293,10721,6685,6035,0.902767389678384
"Suwannee",294,10721,3867,3722,0.962503232479959
"Suwannee",295,10721,6207,6040,0.973094892862897
"Suwannee",296,10721,5747,5416,0.942404732904124
"Suwannee",297,10721,7043,6519,0.92559988641204
"Suwannee",298,10721,5494,4884,0.88896978522024
"Suwannee",299,10721,5964,4850,0.813212608987257
"Suwannee",300,10721,8454,7501,0.88727229713745
"Suwannee",301,10721,6085,5667,0.931306491372227
"Suwannee",302,10721,4849,4412,0.909878325427923
"Suwannee",303,10721,6137,5335,0.869317255988268
"Suwannee",304,10721,4683,4191,0.894939141575913
"Suwannee",305,10721,6115,5243,0.857399836467702
"Suwannee",306,10721,7689,6554,0.852386526206269
"Suwannee",307,10721,5805,5028,0.866149870801034
"Suwannee",308,10721,6812,6063,0.890046975924839
"Suwannee",309,10721,3841,3563,0.927623014839885
"Suwannee",310,10721,7058,6279,0.889628790025503
"Suwannee",311,10721,8061,7698,0.954968366207667
"Suwannee",312,10721,7108,6389,0.898846370287001
"Suwannee",313,10721,6994,6096,0.871604232199028
"Suwannee",314,10721,6623,6380,0.963309678393477
"Suwannee",315,10721,6054,5566,0.919392137429799
"Suwannee",316,10721,8074,7662,0.948972008917513
"Suwannee",317,10721,7419,5473,0.737700498719504
"Suwannee",318,10721,7473,7106,0.950889870199384
"Suwannee",319,10721,7160,5860,0.818435754189944
"Suwannee",320,10721,7176,6257,0.871934225195095
"Suwannee",321,10721,6475,6324,0.976679536679537
"Suwannee",322,10721,7429,7003,0.942657154394939
"Suwannee",323,10721,6992,5179,0.740703661327231
"Suwannee",324,10721,4937,4542,0.919991897913713
"Suwannee",325,10721,4860,3911,0.804732510288066
"Suwannee",326,10721,6200,5931,0.956612903225806
"Suwannee",327,10721,6686,6228,0.931498653903679
"Suwannee",328,10721,4932,4838,0.980940794809408
"Suwannee",329,10721,6864,6400,0.932400932400932
"Suwannee",330,10721,6869,6265,0.912068714514485
"Suwannee",331,10721,7039,4349,0.617843443670976
"Suwannee",332,10721,5700,4434,0.777894736842105
"Suwannee",333,10721,7702,7299,0.947675928330304
"Suwannee",334,10721,6612,5943,0.898820326678766
"Suwannee",335,10721,6234,5184,0.831568816169394
"Suwannee",336,10721,4684,4398,0.938941076003416
"Suwannee",337,10721,5956,5478,0.91974479516454
"Suwannee",338,10721,4869,4399,0.903470938591087
"Suwannee",339,10721,7852,6267,0.798140601120734
"Suwannee",340,10721,5077,3644,0.717746700807564
"Suwannee",341,10721,6789,5593,0.823832670496391
"Suwannee",342,10721,5487,4683,0.853471842536905
"Suwannee",343,10721,7205,6695,0.929215822345593
"Suwannee",344,10721,6646,6372,0.958772193800782
"Suwannee",345,10721,5804,5189,0.894038594073053
"Suwannee",346,10721,6440,5934,0.921428571428571
"Suwannee",347,10721,5896,4650,0.788670284938942
"Suwannee",348,10721,4856,4553,0.937602965403624
"Suwannee",349,10721,6432,5765,0.896299751243781
"Suwannee",350,10721,5959,5680,0.953180063769089
"Suwannee",351,10721,8586,7127,0.830072210575355
"Suwannee",352,10721,7383,6282,0.850873628606258
"Suwannee",353,10721,7232,6943,0.960038716814159
"Suwannee",354,10721,6944,5932,0.85426267281106
"Suwannee",355,10721,4321,4062,0.940060171256654
"Suwannee",356,10721,7155,6780,0.947589098532495
"Suwannee",357,10721,6243,5544,0.888034598750601
"Suwannee",358,10721,3197,2890,0.903972474194557
"Suwannee",359,10721,6319,4771,0.755024529197658
"Suwannee",360,10721,7346,6887,0.937517016063164
"Suwannee",361,10721,7107,6648,0.935415787252005
"Suwannee",362,10721,4871,4288,0.88031205091357
"Suwannee",363,10721,7600,7367,0.969342105263158
"Suwannee",364,10721,5809,4865,0.837493544499914
"Suwannee",365,10721,5809,5287,0.910139438801859
"Suwannee",366,10721,6090,5823,0.95615763546798
"Suwannee",367,10721,4363,3981,0.912445564978226
"Suwannee",368,10721,4195,3915,0.933253873659118
"Suwannee",369,10721,5578,3976,0.712800286841162
"Suwannee",370,10721,5322,4723,0.887448327696355
"Suwannee",371,10721,6318,5965,0.944127888572333
"Suwannee",372,10721,3759,3584,0.953445065176909
"Suwannee",373,10721,7820,7469,0.955115089514067
"Suwannee",374,10721,6253,5338,0.853670238285623
"Suwannee",375,10721,5590,5387,0.963685152057245
"Suwannee",376,10721,8207,7657,0.932984038016328
"Suwannee",377,10721,7023,6463,0.920261996297878
"Suwannee",378,10721,5980,5457,0.912541806020067
"Suwannee",379,10721,6997,5234,0.748034872088038
"Suwannee",380,10721,7034,6785,0.964600511799829
"Suwannee",381,10721,7934,7367,0.928535417191833
"Suwannee",382,10721,5732,4935,0.860956036287509
"Suwannee",383,10721,6894,6413,0.930229184798375
"Suwannee",384,10721,5440,5016,0.922058823529412
"Suwannee",385,10721,5924,4793,0.809081701553005
"Suwannee",386,10721,7831,7213,0.921082875750224
"Suwannee",387,10721,5132,4811,0.937451286048324
"Suwannee",388,10721,4671,4195,0.898094626418326
"Suwannee",389,10721,5750,5369,0.933739130434783
"Suwannee",390,10721,7841,7049,0.89899247544956
"Suwannee",391,10721,6635,6207,0.935493594574228
"Suwannee",392,10721,6553,5847,0.892263085609644
"Suwannee",393,10721,7272,6575,0.904152915291529
"Suwannee",394,10721,6625,6063,0.915169811320755
"Suwannee",395,10721,6224,5876,0.944087403598972
"Suwannee",396,10721,7801,5209,0.66773490578131
"Suwannee",397,10721,5813,4743,0.815929812489248
"Suwannee",398,10721,7062,6556,0.928348909657321
"Suwannee",399,10721,6689,6109,0.913290476902377
"Suwannee",400,10721,7335,6367,0.868029993183367
"Suwannee",401,10721,5532,4885,0.883044107013738
"Suwannee",402,10721,6683,6218,0.93042046984887
"Suwannee",403,10721,6917,6262,0.905305768396704
"Suwannee",404,10721,6376,4418,0.692910915934755
"Suwannee",405,10721,6499,5899,0.907678104323742
"Suwannee",406,10721,6308,5659,0.89711477488903
"Suwannee",407,10721,4427,3888,0.878247119945787
"Suwannee",408,10721,6942,6306,0.90838375108038
"Suwannee",409,10721,7091,5693,0.802848681427161
"Suwannee",410,10721,7468,6378,0.854043920728441
"Suwannee",411,10721,5623,4664,0.829450471278677
"Suwannee",412,10721,6328,5564,0.879266750948167
"Suwannee",413,10721,5559,5183,0.932361935599928
"Suwannee",414,10721,5683,5165,0.908850959000528
"Suwannee",415,10721,7197,6671,0.926913991941087
"Suwannee",416,10721,6059,4921,0.812180227760356
"Suwannee",417,10721,6934,5562,0.80213441015287
"Suwannee",418,10721,8224,7470,0.908317120622568
"Suwannee",419,10721,5868,5368,0.914792092706203
"Suwannee",420,10721,6693,5668,0.846854923053937
"Suwannee",421,10721,6743,4842,0.718078006821889
"Suwannee",422,10721,6012,5561,0.924983366600133
"Suwannee",423,10721,6612,6079,0.919388989715669
"Suwannee",424,10721,4866,4005,0.823057953144266
"Suwannee",425,10721,6589,6272,0.951889512824404
"Suwannee",426,10721,6842,6540,0.955860859397837
"Suwannee",427,10721,6541,5969,0.912551597615044
"Suwannee",428,10721,6906,6423,0.930060816681147
"Suwannee",429,10721,5728,5092,0.888966480446927
"Suwannee",430,10721,5769,4990,0.864967932050615
"Suwannee",431,10721,5582,5192,0.930132568971695
"Suwannee",432,10721,7081,6511,0.919502895071318
"Suwannee",433,10721,7365,5991,0.813441955193483
"Suwannee",434,10721,7851,7579,0.965354731881289
"Suwannee",435,10721,6162,5913,0.959591041869523
"Suwannee",436,10721,5920,5671,0.957939189189189
"Suwannee",437,10721,6123,5455,0.890903152049649
"Suwannee",438,10721,5277,4929,0.934053439454235
"Suwannee",439,10721,7760,6652,0.857216494845361
"Suwannee",440,10721,6341,5924,0.934237501971298
"Suwannee",441,10721,7431,7068,0.951150585385547
"Suwannee",442,10721,5626,5177,0.920191965872734
"Suwannee",443,10721,7248,5991,0.826572847682119
"Suwannee",444,10721,7080,6479,0.915112994350282
"Suwannee",445,10721,7563,6803,0.899510776147032
"Suwannee",446,10721,6207,5993,0.965522796842275
"Suwannee",447,10721,5062,4439,0.876926116159621
"Suwannee",448,10721,7838,7470,0.953049247256953
"Suwannee",449,10721,6660,6018,0.903603603603604
"Suwannee",450,10721,5254,4770,0.907879710696612
"Suwannee",451,10721,7611,6731,0.884377874129549
"Suwannee",452,10721,7724,7313,0.946789228379078
"Suwannee",453,10721,6282,5318,0.846545686087233
"Suwannee",454,10721,6702,5685,0.848254252461952
"Suwannee",455,10721,6234,5737,0.92027590632018
"Suwannee",456,10721,7417,6503,0.876769583389511
"Suwannee",457,10721,6417,5540,0.863331774972729
"Suwannee",458,10721,7937,6980,0.879425475620512
"Suwannee",459,10721,7338,6456,0.879803761242845
"Suwannee",460,10721,4909,3946,0.80382970055001
"Suwannee",461,10721,6619,5836,0.881704184922194
"Suwannee",462,10721,6668,6346,0.951709658068386
"Suwannee",463,10721,6253,5858,0.936830321445706
"Suwannee",464,10721,6721,6069,0.902990626394882
"Suwannee",465,10721,4672,4156,0.889554794520548
"Suwannee",466,10721,7601,6525,0.858439678989607
"Suwannee",467,10721,5030,4718,0.937972166998012
"Suwannee",468,10721,5988,5717,0.954742818971276
"Suwannee",469,10721,6831,4100,0.600204948031035
"Suwannee",470,10721,5922,5389,0.90999662276258
"Suwannee",471,10721,8201,8009,0.976588220948665
"Suwannee",472,10721,7091,6328,0.892398815399803
"Suwannee",473,10721,5261,4681,0.889754799467782
"Suwannee",474,10721,4850,4537,0.935463917525773
"Suwannee",475,10721,5108,4840,0.947533281127643
"Suwannee",476,10721,6315,5718,0.905463182897862
"Suwannee",477,10721,7247,6399,0.882986063198565
"Suwannee",478,10721,7736,7533,0.97375904860393
"Suwannee",479,10721,6081,5686,0.935043578358823
"Suwannee",480,10721,6480,6321,0.975462962962963
"Suwannee",481,10721,8137,6780,0.833230920486666
"Suwannee",482,10721,6218,5268,0.847217754905114
"Suwannee",483,10721,7266,5813,0.800027525461051
"Suwannee",484,10721,7432,7160,0.963401506996771
"Suwannee",485,10721,7354,6571,0.893527332064183
"Suwannee",486,10721,7025,6633,0.944199288256228
"Suwannee",487,10721,5815,5343,0.918830610490112
"Suwannee",488,10721,7100,4971,0.700140845070423
"Suwannee",489,10721,6169,5834,0.945696223050738
"Suwannee",490,10721,6262,5560,0.887895241137017
"Suwannee",491,10721,8341,7381,0.884905886584342
"Suwannee",492,10721,6514,5982,0.918329751304882
"Suwannee",493,10721,7128,5576,0.782267115600449
"Suwannee",494,10721,5099,4539,0.890174544028241
"Suwannee",495,10721,5419,4775,0.881158885403211
"Suwannee",496,10721,4269,3968,0.929491684235184
"Suwannee",497,10721,6815,6394,0.938224504768892
"Suwannee",498,10721,6378,5145,0.806679209783631
"Suwannee",499,10721,6209,5993,0.965211789338058
"Suwannee",500,10721,5721,5533,0.967138612130746
"Suwannee",501,10721,5314,4381,0.82442604441099
"Suwannee",502,10721,7257,6787,0.935234945569795
"Suwannee",503,10721,6374,4723,0.740978977094446
"Suwannee",504,10721,5068,4318,0.852012628255722
"Suwannee",505,10721,6598,5930,0.898757199151258
"Suwannee",506,10721,8060,6723,0.834119106699752
"Suwannee",507,10721,5539,4863,0.877956309803214
"Suwannee",508,10721,6764,5962,0.881431105854524
"Suwannee",509,10721,5519,4767,0.86374343178112
"Suwannee",510,10721,5575,4030,0.722869955156951
"Suwannee",511,10721,5587,5392,0.965097547879005
"Suwannee",512,10721,6848,5134,0.749707943925234
"Suwannee",513,10721,6442,5488,0.851909344923937
"Suwannee",514,10721,7918,7001,0.884187926244001
"Suwannee",515,10721,5554,5150,0.927259632697155
"Suwannee",516,10721,7108,6888,0.969048958919527
"Suwannee",517,10721,6862,5057,0.736957155348295
"Suwannee",518,10721,5806,5619,0.967791939373062
"Suwannee",519,10721,6605,5908,0.89447388342165
"Suwannee",520,10721,4834,4372,0.904426975589574
"Suwannee",521,10721,6441,5737,0.890700201832014
"Suwannee",522,10721,5341,4739,0.887287024901704
"Suwannee",523,10721,6044,4990,0.825612177365983
"Suwannee",524,10721,5356,4691,0.875840179238238
"Suwannee",525,10721,5552,4924,0.886887608069164
"Suwannee",526,10721,7181,6851,0.954045397576939
"Suwannee",527,10721,8273,5727,0.692251903783392
"Suwannee",528,10721,5899,5522,0.936090862858111
"Suwannee",529,10721,7437,7226,0.971628344762673
"Suwannee",530,10721,6502,6218,0.956321131959397
"Suwannee",531,10721,5273,4860,0.921676465010431
"Suwannee",532,10721,7530,6806,0.903851261620186
"Suwannee",533,10721,6145,5777,0.940113913751017
"Suwannee",534,10721,7554,6638,0.878739740534816
"Suwannee",535,10721,7826,6554,0.837464860720675
"Suwannee",536,10721,5439,4998,0.918918918918919
"Suwannee",537,10721,6682,6418,0.960490870996708
"Suwannee",538,10721,6846,5551,0.810838445807771
"Suwannee",539,10721,6368,5948,0.934045226130653
"Suwannee",540,10721,2832,2475,0.873940677966102
"Suwannee",541,10721,6203,5996,0.966629050459455
"Suwannee",542,10721,7456,5602,0.751341201716738
"Suwannee",543,10721,6308,5945,0.942454026632847
"Suwannee",544,10721,5215,4734,0.907766059443912
"Suwannee",545,10721,5436,4897,0.900846210448859
"Suwannee",546,10721,6539,5912,0.90411377886527
"Suwannee",547,10721,7509,5804,0.772939139699028
"Suwannee",548,10721,7669,7291,0.950710653279437
"Suwannee",549,10721,6208,5316,0.856314432989691
"Suwannee",550,10721,6861,6432,0.937472671622212
"Suwannee",551,10721,7751,6632,0.855631531415301
"Suwannee",552,10721,6509,4728,0.726378860039945
"Suwannee",553,10721,5764,5165,0.896079111727967
"Suwannee",554,10721,6890,5755,0.835268505079826
"Suwannee",555,10721,8056,7595,0.942775571002979
"Suwannee",556,10721,6596,5434,0.823832625833839
"Suwannee",557,10721,7190,6386,0.888178025034771
"Suwannee",558,10721,4707,3945,0.838113448056087
"Suwannee",559,10721,6066,5930,0.977579953841081
"Suwannee",560,10721,6398,5959,0.931384807752423
"Suwannee",561,10721,5827,5440,0.933585035181054
"Suwannee",562,10721,6882,6513,0.946381865736704
"Suwannee",563,10721,7347,7038,0.957942017149857
"Suwannee",564,10721,6136,5846,0.952737940026076
"Suwannee",565,10721,5493,4711,0.857636992535955
"Suwannee",566,10721,7658,6334,0.827108905719509
"Suwannee",567,10721,5520,4969,0.90018115942029
"Suwannee",568,10721,4621,4286,0.927504869075958
"Suwannee",569,10721,6428,4928,0.766645924082141
"Suwannee",570,10721,5364,4710,0.878076062639821
"Suwannee",571,10721,6990,6400,0.915593705293276
"Suwannee",572,10721,7248,6033,0.832367549668874
"Suwannee",573,10721,6077,4846,0.797432943886786
"Suwannee",574,10721,4500,4418,0.981777777777778
"Suwannee",575,10721,7100,6119,0.861830985915493
"Suwannee",576,10721,6982,6725,0.963191062732741
"Suwannee",577,10721,4869,4552,0.934894228794414
"Suwannee",578,10721,5704,3806,0.667251051893408
"Suwannee",579,10721,6158,4774,0.775251705099058
"Suwannee",580,10721,5919,4855,0.820239905389424
"Suwannee",581,10721,5625,4158,0.7392
"Suwannee",582,10721,7160,5488,0.766480446927374
"Suwannee",583,10721,4401,4156,0.944330833901386
"Suwannee",584,10721,7053,6734,0.954771019424358
"Suwannee",585,10721,4925,4612,0.936446700507614
"Suwannee",586,10721,6809,5239,0.769422822734616
"Suwannee",587,10721,7500,5597,0.746266666666667
"Suwannee",588,10721,6288,5863,0.932410941475827
"Suwannee",589,10721,4465,4128,0.924524076147816
"Suwannee",590,10721,7689,6565,0.853817141370789
"Suwannee",591,10721,6900,5337,0.773478260869565
"Suwannee",592,10721,5098,4718,0.925460965084347
"Suwannee",593,10721,6656,6221,0.934645432692308
"Suwannee",594,10721,6865,6505,0.947560087399854
"Suwannee",595,10721,6562,5518,0.840902163974398
"Suwannee",596,10721,7041,6372,0.904985087345548
"Suwannee",597,10721,8339,6793,0.814606067873846
"Suwannee",598,10721,6791,6273,0.923722573994993
"Suwannee",599,10721,6911,6621,0.95803791057734
"Suwannee",600,10721,7050,5794,0.821843971631206
"Suwannee",601,10721,5921,5348,0.903225806451613
"Suwannee",602,10721,4244,3810,0.897737983034873
"Suwannee",603,10721,6418,5790,0.902150202555313
"Suwannee",604,10721,6665,6257,0.938784696174043
"Suwannee",605,10721,5811,5575,0.959387368783342
"Suwannee",606,10721,7455,6021,0.807645875251509
"Suwannee",607,10721,5825,5630,0.966523605150215
"Suwannee",608,10721,5341,4958,0.928290582287961
"Suwannee",609,10721,5188,5029,0.969352351580571
"Suwannee",610,10721,6282,4943,0.786851321235275
"Suwannee",611,10721,6470,6055,0.935857805255023
"Suwannee",612,10721,6245,5925,0.948759007205765
"Suwannee",613,10721,5790,5213,0.900345423143351
"Suwannee",614,10721,4617,4441,0.961880008663634
"Suwannee",615,10721,6980,6074,0.870200573065903
"Suwannee",616,10721,7750,6984,0.901161290322581
"Suwannee",617,10721,5768,5416,0.938973647711512
"Suwannee",618,10721,5404,4612,0.853441894892672
"Suwannee",619,10721,5224,4563,0.873468606431853
"Suwannee",620,10721,4490,3768,0.839198218262806
"Suwannee",621,10721,5053,4737,0.937462893330695
"Suwannee",622,10721,5931,5046,0.850784016186141
"Suwannee",623,10721,7532,7247,0.962161444503452
"Suwannee",624,10721,5819,4805,0.825743254854786
"Suwannee",625,10721,6888,5994,0.870209059233449
"Suwannee",626,10721,6033,5631,0.933366484336151
"Suwannee",627,10721,6150,5705,0.927642276422764
"Suwannee",628,10721,6433,5545,0.861961759676667
"Suwannee",629,10721,7009,6119,0.873020402339849
"Suwannee",630,10721,6154,5590,0.90835229119272
"Suwannee",631,10721,6833,5603,0.819991219083858
"Suwannee",632,10721,7175,6260,0.872473867595819
"Suwannee",633,10721,7160,6415,0.895949720670391
"Suwannee",634,10721,5330,4957,0.930018761726079
"Suwannee",635,10721,7456,7172,0.961909871244635
"Suwannee",636,10721,4282,4012,0.936945352638954
"Suwannee",637,10721,6836,6388,0.934464599180807
"Suwannee",638,10721,7120,6243,0.876825842696629
"Suwannee",639,10721,6386,5067,0.793454431569057
"Suwannee",640,10721,5429,5097,0.938846933136858
"Suwannee",641,10721,7334,6686,0.911644395964003
"Suwannee",642,10721,5582,5329,0.954675743461125
"Suwannee",643,10721,6104,5597,0.916939711664482
"Suwannee",644,10721,7596,6445,0.848472880463402
"Suwannee",645,10721,7756,6909,0.890794223826715
"Suwannee",646,10721,6240,5291,0.847916666666667
"Suwannee",647,10721,6435,4960,0.770784770784771
"Suwannee",648,10721,6066,5463,0.900593471810089
"Suwannee",649,10721,7227,6052,0.837415248374152
"Suwannee",650,10721,7048,6067,0.860811577752554
"Suwannee",651,10721,7057,5986,0.848235794246847
"Suwannee",652,10721,6599,6396,0.969237763297469
"Suwannee",653,10721,6874,6424,0.934535932499273
"Suwannee",654,10721,8421,7757,0.92114950718442
"Suwannee",655,10721,5345,4947,0.925537885874649
"Suwannee",656,10721,5846,5123,0.876325692781389
"Suwannee",657,10721,5615,4926,0.877292965271594
"Suwannee",658,10721,6742,5814,0.862355384159003
"Suwannee",659,10721,6743,6204,0.920065252854812
"Suwannee",660,10721,5136,4915,0.956970404984424
"Suwannee",661,10721,5518,5367,0.972635012685756
"Suwannee",662,10721,7131,6364,0.892441452811667
"Suwannee",663,10721,6520,5899,0.904754601226994
"Suwannee",664,10721,7078,5892,0.832438541961006
"Suwannee",665,10721,7237,5865,0.810418681774216
"Suwannee",666,10721,7395,6977,0.943475321162948
"Suwannee",667,10721,7914,7265,0.917993429365681
"Suwannee",668,10721,5622,5066,0.901102810387762
"Suwannee",669,10721,5074,4340,0.855340953882538
"Suwannee",670,10721,5584,4966,0.88932664756447
"Suwannee",671,10721,6006,5388,0.897102897102897
"Suwannee",672,10721,5630,5119,0.909236234458259
"Suwannee",673,10721,7835,7025,0.89661774090619
"Suwannee",674,10721,6395,5749,0.898983580922596
"Suwannee",675,10721,6486,5886,0.907493061979649
"Suwannee",676,10721,4542,3650,0.803610744165566
"Suwannee",677,10721,4794,4297,0.896328744263663
"Suwannee",678,10721,5741,5152,0.89740463333914
"Suwannee",679,10721,5941,5476,0.921730348426191
"Suwannee",680,10721,7637,7150,0.936231504517481
"Suwannee",681,10721,6687,5978,0.893973381187378
"Suwannee",682,10721,6604,6262,0.948213204118716
"Suwannee",683,10721,6622,5883,0.88840229537904
"Suwannee",684,10721,6650,6022,0.905563909774436
"Suwannee",685,10721,5285,4485,0.848628192999054
"Suwannee",686,10721,5931,5626,0.948575282414433
"Suwannee",687,10721,6177,5605,0.907398413469322
"Suwannee",688,10721,6514,6096,0.935830518882407
"Suwannee",689,10721,6696,5850,0.873655913978495
"Suwannee",690,10721,7447,6894,0.925741909493756
"Suwannee",691,10721,6249,5748,0.919827172347576
"Suwannee",692,10721,8855,7897,0.891812535290796
"Suwannee",693,10721,4008,3583,0.893962075848303
"Suwannee",694,10721,6555,6194,0.944927536231884
"Suwannee",695,10721,7712,7361,0.954486514522822
"Suwannee",696,10721,5508,4850,0.880537400145243
"Suwannee",697,10721,7480,6183,0.826604278074866
"Suwannee",698,10721,6569,5995,0.912619881260466
"Suwannee",699,10721,6999,6156,0.879554222031719
"Suwannee",700,10721,6380,5166,0.809717868338558
"Suwannee",701,10721,6716,5869,0.873883263847528
"Suwannee",702,10721,5169,5074,0.98162120332753
"Suwannee",703,10721,6629,5217,0.786996530396742
"Suwannee",704,10721,7170,6731,0.938772663877266
"Suwannee",705,10721,7010,6503,0.927674750356633
"Suwannee",706,10721,6186,5008,0.809569996766893
"Suwannee",707,10721,6702,6033,0.900179051029543
"Suwannee",708,10721,5469,4948,0.90473578350704
"Suwannee",709,10721,6896,6247,0.90588747099768
"Suwannee",710,10721,6138,5735,0.934343434343434
"Suwannee",711,10721,6575,6385,0.971102661596958
"Suwannee",712,10721,4970,4726,0.950905432595573
"Suwannee",713,10721,4260,3519,0.826056338028169
"Suwannee",714,10721,4324,4059,0.938714153561517
"Suwannee",715,10721,7713,7246,0.939452871774925
"Suwannee",716,10721,5180,4528,0.874131274131274
"Suwannee",717,10721,6015,5500,0.914380714879468
"Suwannee",718,10721,6696,6011,0.897700119474313
"Suwannee",719,10721,5402,4687,0.867641614216957
"Suwannee",720,10721,7787,7001,0.899062540130988
"Suwannee",721,10721,6267,5142,0.820488271900431
"Suwannee",722,10721,5237,4808,0.91808287187321
"Suwannee",723,10721,4984,4726,0.948234349919743
"Suwannee",724,10721,4513,4380,0.970529581209838
"Suwannee",725,10721,8497,7633,0.898317053077557
"Suwannee",726,10721,6355,5945,0.935483870967742
"Suwannee",727,10721,5525,5220,0.944796380090498
"Suwannee",728,10721,6941,6118,0.881429188877683
"Suwannee",729,10721,6268,5749,0.917198468410976
"Suwannee",730,10721,6331,5363,0.847101563734007
"Suwannee",731,10721,6625,6114,0.922867924528302
"Suwannee",732,10721,7224,6547,0.906284606866002
"Suwannee",733,10721,6799,6373,0.937343727018679
"Suwannee",734,10721,5926,4958,0.836652041849477
"Suwannee",735,10721,7922,7156,0.903307245645039
"Suwannee",736,10721,5811,5002,0.860781276888659
"Suwannee",737,10721,4380,3977,0.907990867579909
"Suwannee",738,10721,7144,6436,0.900895856662934
"Suwannee",739,10721,5267,4445,0.84393392823239
"Suwannee",740,10721,7131,6824,0.956948534567382
"Suwannee",741,10721,6478,5008,0.773078110527941
"Suwannee",742,10721,6083,5727,0.941476245273714
"Suwannee",743,10721,6000,5770,0.961666666666667
"Suwannee",744,10721,7368,6861,0.931188925081433
"Suwannee",745,10721,7850,6956,0.886114649681529
"Suwannee",746,10721,5211,4642,0.890807906351948
"Suwannee",747,10721,6905,6666,0.965387400434468
"Suwannee",748,10721,7720,6956,0.901036269430052
"Suwannee",749,10721,7706,6893,0.89449779392681
"Suwannee",750,10721,6258,5657,0.90396292745286
"Suwannee",751,10721,6063,5393,0.889493650008247
"Suwannee",752,10721,6698,6081,0.907882950134368
"Suwannee",753,10721,7078,6585,0.930347555806725
"Suwannee",754,10721,6591,5813,0.881960248824154
"Suwannee",755,10721,7495,6843,0.913008672448299
"Suwannee",756,10721,6018,5531,0.919076105018279
"Suwannee",757,10721,5481,5009,0.913884327677431
"Suwannee",758,10721,7978,7391,0.926422662321384
"Suwannee",759,10721,6374,5409,0.848603702541575
"Suwannee",760,10721,6094,5405,0.886937971775517
"Suwannee",761,10721,6980,6218,0.890830945558739
"Suwannee",762,10721,5341,4492,0.841041003557386
"Suwannee",763,10721,6969,6768,0.971157985363754
"Suwannee",764,10721,6373,5583,0.876039541817041
"Suwannee",765,10721,7487,6236,0.832910377988513
"Suwannee",766,10721,6246,5573,0.892251040666026
"Suwannee",767,10721,5168,4400,0.851393188854489
"Suwannee",768,10721,5554,5270,0.948865682391069
"Suwannee",769,10721,7169,6581,0.917980192495467
"Suwannee",770,10721,5600,5368,0.958571428571429
"Suwannee",771,10721,6798,6146,0.904089438070021
"Suwannee",772,10721,5468,4853,0.887527432333577
"Suwannee",773,10721,6552,5967,0.910714285714286
"Suwannee",774,10721,7107,6285,0.884339383706205
"Suwannee",775,10721,5292,4456,0.842025699168556
"Suwannee",776,10721,7103,4932,0.694354498099395
"Suwannee",777,10721,7637,7122,0.932565143380909
"Suwannee",778,10721,8090,7582,0.937206427688504
"Suwannee",779,10721,8097,6421,0.793009756700012
"Suwannee",780,10721,6701,6135,0.915534994776899
"Suwannee",781,10721,5006,4384,0.875749101078706
"Suwannee",782,10721,6133,5779,0.942279471710419
"Suwannee",783,10721,4306,4062,0.943334881560613
"Suwannee",784,10721,6776,6361,0.938754427390791
"Suwannee",785,10721,6496,6169,0.949661330049261
"Suwannee",786,10721,7313,6369,0.870914809243812
"Suwannee",787,10721,7050,6791,0.963262411347518
"Suwannee",788,10721,7529,6809,0.904369770221809
"Suwannee",789,10721,6581,6010,0.913235070657955
"Suwannee",790,10721,7741,7296,0.942513887094691
"Suwannee",791,10721,6006,4155,0.691808191808192
"Suwannee",792,10721,8126,7391,0.909549593896136
"Suwannee",793,10721,5996,5503,0.917778519012675
"Suwannee",794,10721,8231,7211,0.876078240796987
"Suwannee",795,10721,7906,7607,0.962180622312168
"Suwannee",796,10721,6173,5478,0.887412927263891
"Suwannee",797,10721,4365,4113,0.942268041237113
"Suwannee",798,10721,6990,6432,0.920171673819743
"Suwannee",799,10721,8427,7451,0.884181796606147
"Suwannee",800,10721,7755,6866,0.885364281108962
"Suwannee",801,10721,3915,3620,0.924648786717752
"Suwannee",802,10721,6370,5962,0.935949764521193
"Suwannee",803,10721,4509,4358,0.966511421601242
"Suwannee",804,10721,7960,7682,0.965075376884422
"Suwannee",805,10721,6576,5635,0.856903892944039
"Suwannee",806,10721,6874,6584,0.95781204538842
"Suwannee",807,10721,6899,6335,0.918249021597333
"Suwannee",808,10721,5503,5031,0.914228602580411
"Suwannee",809,10721,8796,7251,0.824351978171896
"Suwannee",810,10721,8316,7622,0.916546416546417
"Suwannee",811,10721,7407,6107,0.824490346969083
"Suwannee",812,10721,8263,7870,0.952438581628948
"Suwannee",813,10721,6533,6128,0.93800704117557
"Suwannee",814,10721,4919,4404,0.8953039235617
"Suwannee",815,10721,5085,4718,0.927826941986234
"Suwannee",816,10721,5887,5476,0.930185153728554
"Suwannee",817,10721,5485,4869,0.887693710118505
"Suwannee",818,10721,7373,6889,0.934355079343551
"Suwannee",819,10721,5779,5236,0.906039107111957
"Suwannee",820,10721,6268,5813,0.927409061901723
"Suwannee",821,10721,6164,5820,0.944192083062946
"Suwannee",822,10721,4962,4833,0.974002418379686
"Suwannee",823,10721,6950,6117,0.880143884892086
"Suwannee",824,10721,6376,5187,0.813519447929737
"Suwannee",825,10721,5026,4390,0.873458018304815
"Suwannee",826,10721,8181,6720,0.821415474880821
"Suwannee",827,10721,7466,6509,0.871818912402893
"Suwannee",828,10721,6333,5597,0.883783357018791
"Suwannee",829,10721,6965,6690,0.960516870064609
"Suwannee",830,10721,6107,4752,0.778123464876371
"Suwannee",831,10721,7041,6064,0.861241300951569
"Suwannee",832,10721,7863,7191,0.914536436474628
"Suwannee",833,10721,5826,5397,0.926364572605561
"Suwannee",834,10721,5490,5065,0.922586520947177
"Suwannee",835,10721,6215,5595,0.900241351568785
"Suwannee",836,10721,5490,5006,0.91183970856102
"Suwannee",837,10721,6795,6402,0.942163355408388
"Suwannee",838,10721,5828,5329,0.914378860672615
"Suwannee",839,10721,5991,5411,0.903188115506593
"Suwannee",840,10721,6031,5772,0.957055214723926
"Suwannee",841,10721,5759,4949,0.859350581698212
"Suwannee",842,10721,7308,6661,0.911466885604817
"Suwannee",843,10721,7127,6887,0.966325242037323
"Suwannee",844,10721,5808,5583,0.961260330578512
"Suwannee",845,10721,3015,2806,0.930679933665008
"Suwannee",846,10721,7514,6022,0.801437317008251
"Suwannee",847,10721,6600,6013,0.911060606060606
"Suwannee",848,10721,5994,5387,0.898732065398732
"Suwannee",849,10721,7701,7365,0.956369302687963
"Suwannee",850,10721,8037,7857,0.977603583426652
"Suwannee",851,10721,6536,5401,0.826346389228886
"Suwannee",852,10721,7127,6001,0.84200926055844
"Suwannee",853,10721,5988,4694,0.783901135604542
"Suwannee",854,10721,5651,4979,0.881082994160326
"Suwannee",855,10721,8007,6612,0.825777444735856
"Suwannee",856,10721,6226,5241,0.841792483135239
"Suwannee",857,10721,4945,4685,0.9474216380182
"Suwannee",858,10721,7395,6372,0.861663286004057
"Suwannee",859,10721,6676,6265,0.938436189334931
"Suwannee",860,10721,7610,7102,0.933245729303548
"Suwannee",861,10721,7755,7021,0.90535138620245
"Suwannee",862,10721,7294,6876,0.942692624074582
"Suwannee",863,10721,4765,4492,0.942707240293809
"Suwannee",864,10721,5525,5321,0.963076923076923
"Suwannee",865,10721,7262,7010,0.965298815753236
"Suwannee",866,10721,4666,4475,0.959065580797257
"Suwannee",867,10721,7433,5459,0.734427552805059
"Suwannee",868,10721,5671,4892,0.862634456004232
"Suwannee",869,10721,7449,6208,0.833400456437106
"Suwannee",870,10721,6078,5660,0.931227377426785
"Suwannee",871,10721,6263,5558,0.88743413699505
"Suwannee",872,10721,6443,6134,0.952040974701226
"Suwannee",873,10721,6886,5946,0.863491141446413
"Suwannee",874,10721,5599,4831,0.862832648687266
"Suwannee",875,10721,5815,5214,0.89664660361135
"Suwannee",876,10721,6565,6390,0.973343488194973
"Suwannee",877,10721,6938,6609,0.95257999423465
"Suwannee",878,10721,7519,7098,0.944008511770182
"Suwannee",879,10721,7074,6008,0.849307322589765
"Suwannee",880,10721,6392,6030,0.943366708385482
"Suwannee",881,10721,6154,5583,0.907214819629509
"Suwannee",882,10721,3953,3075,0.777890209967114
"Suwannee",883,10721,7239,6661,0.920154717502418
"Suwannee",884,10721,6613,6080,0.919401179494934
"Suwannee",885,10721,6544,6076,0.928484107579462
"Suwannee",886,10721,6855,6162,0.89890590809628
"Suwannee",887,10721,6713,5551,0.826903023983316
"Suwannee",888,10721,5907,5408,0.9155239546301
"Suwannee",889,10721,5831,5319,0.912193448808095
"Suwannee",890,10721,6112,5796,0.948298429319372
"Suwannee",891,10721,8786,7183,0.81755064875939
"Suwannee",892,10721,6882,6042,0.87794245858762
"Suwannee",893,10721,4625,4213,0.910918918918919
"Suwannee",894,10721,7313,4868,0.665663886230001
"Suwannee",895,10721,6741,5569,0.826138555110518
"Suwannee",896,10721,6224,5818,0.934768637532134
"Suwannee",897,10721,7053,5664,0.803062526584432
"Suwannee",898,10721,5124,4400,0.858704137392662
"Suwannee",899,10721,6664,5393,0.809273709483794
"Suwannee",900,10721,6539,6009,0.918947851353418
"Suwannee",901,10721,6769,5912,0.873393411139016
"Suwannee",902,10721,5414,3461,0.639268562984854
"Suwannee",903,10721,7836,7453,0.951123021949974
"Suwannee",904,10721,8812,8213,0.932024512029051
"Suwannee",905,10721,7818,6654,0.85111281657713
"Suwannee",906,10721,4830,4213,0.872256728778468
"Suwannee",907,10721,6847,5799,0.846940265809844
"Suwannee",908,10721,6690,6236,0.932137518684604
"Suwannee",909,10721,7295,6420,0.880054832076765
"Suwannee",910,10721,4901,4507,0.91960824321567
"Suwannee",911,10721,7138,6585,0.922527318576632
"Suwannee",912,10721,3233,3029,0.936900711413548
"Suwannee",913,10721,8978,8363,0.931499220316329
"Suwannee",914,10721,5143,4695,0.912891308574762
"Suwannee",915,10721,8710,6214,0.713432835820896
"Suwannee",916,10721,6402,5920,0.924711027803811
"Suwannee",917,10721,5584,5118,0.916547277936963
"Suwannee",918,10721,4901,4590,0.936543562538258
"Suwannee",919,10721,6051,5384,0.889770285903157
"Suwannee",920,10721,6408,5373,0.838483146067416
"Suwannee",921,10721,7592,6295,0.829162276080084
"Suwannee",922,10721,7529,6305,0.837428609377075
"Suwannee",923,10721,6705,5565,0.829977628635347
"Suwannee",924,10721,7577,7333,0.967797281245876
"Suwannee",925,10721,6381,5588,0.875724808023821
"Suwannee",926,10721,5814,4770,0.820433436532508
"Suwannee",927,10721,6387,5844,0.914983560356975
"Suwannee",928,10721,6217,5525,0.888692295319286
"Suwannee",929,10721,6448,5972,0.926178660049628
"Suwannee",930,10721,6735,6291,0.934075723830735
"Suwannee",931,10721,7456,6957,0.933074034334764
"Suwannee",932,10721,7281,5999,0.823925284988326
"Suwannee",933,10721,7512,6451,0.858759318423855
"Suwannee",934,10721,5686,5170,0.909250791417517
"Suwannee",935,10721,4981,4457,0.894800240915479
"Suwannee",936,10721,5787,5047,0.872127181613962
"Suwannee",937,10721,5244,4773,0.910183066361556
"Suwannee",938,10721,7863,7178,0.912883123489762
"Suwannee",939,10721,4970,4196,0.844265593561368
"Suwannee",940,10721,6800,6226,0.915588235294118
"Suwannee",941,10721,7857,6471,0.823596792668958
"Suwannee",942,10721,4999,4653,0.930786157231446
"Suwannee",943,10721,7636,7209,0.944080670508119
"Suwannee",944,10721,5661,5395,0.953011835364777
"Suwannee",945,10721,5836,5086,0.871487320082248
"Suwannee",946,10721,4120,3840,0.932038834951456
"Suwannee",947,10721,6040,5509,0.912086092715232
"Suwannee",948,10721,6754,6401,0.947734675747705
"Suwannee",949,10721,8134,7651,0.940619621342513
"Suwannee",950,10721,5728,5339,0.932087988826816
"Suwannee",951,10721,6001,5464,0.91051491418097
"Suwannee",952,10721,5587,5228,0.935743690710578
"Suwannee",953,10721,5487,4906,0.894113358848187
"Suwannee",954,10721,6910,6064,0.877568740955137
"Suwannee",955,10721,6949,6067,0.873075262627716
"Suwannee",956,10721,5116,4913,0.960320562939797
"Suwannee",957,10721,5265,4065,0.772079772079772
"Suwannee",958,10721,3011,2777,0.922284955164397
"Suwannee",959,10721,7425,6248,0.841481481481481
"Suwannee",960,10721,6981,5688,0.814782982380748
"Suwannee",961,10721,4879,4468,0.915761426521828
"Suwannee",962,10721,7667,7174,0.93569844789357
"Suwannee",963,10721,5206,4860,0.933538225124856
"Suwannee",964,10721,7629,6817,0.893564031983222
"Suwannee",965,10721,5656,5308,0.938472418670439
"Suwannee",966,10721,6613,6274,0.948737335551187
"Suwannee",967,10721,5359,4661,0.869751819369285
"Suwannee",968,10721,6709,6368,0.949172753018334
"Suwannee",969,10721,6054,5159,0.85216385860588
"Suwannee",970,10721,6381,5976,0.936530324400564
"Suwannee",971,10721,6781,6415,0.946025659932163
"Suwannee",972,10721,5529,4977,0.900162778079219
"Suwannee",973,10721,6147,5624,0.91491784610379
"Suwannee",974,10721,7813,7143,0.91424548828875
"Suwannee",975,10721,6644,5571,0.838500903070439
"Suwannee",976,10721,5696,5276,0.92626404494382
"Suwannee",977,10721,7390,6483,0.877266576454668
"Suwannee",978,10721,6753,6100,0.90330223604324
"Suwannee",979,10721,6491,5914,0.911107687567401
"Suwannee",980,10721,6247,5883,0.94173203137506
"Suwannee",981,10721,7877,7586,0.963057001396471
"Suwannee",982,10721,5721,5399,0.943716133543087
"Suwannee",983,10721,6658,5723,0.85956743766897
"Suwannee",984,10721,7228,6309,0.872855561704483
"Suwannee",985,10721,6554,5811,0.886634116570034
"Suwannee",986,10721,6575,4720,0.71787072243346
"Suwannee",987,10721,6939,6476,0.933275688139501
"Suwannee",988,10721,6030,5615,0.931177446102819
"Suwannee",989,10721,6170,5753,0.932414910858995
"Suwannee",990,10721,6314,5495,0.870288248337029
"Suwannee",991,10721,6166,5565,0.902530003243594
"Suwannee",992,10721,7162,6628,0.925439821278972
"Suwannee",993,10721,5433,4704,0.865819988956378
"Suwannee",994,10721,5196,4791,0.922055427251732
"Suwannee",995,10721,7994,7537,0.94283212409307
"Suwannee",996,10721,5971,5356,0.897002177189751
"Suwannee",997,10721,6601,5586,0.846235418875928
"Suwannee",998,10721,5600,5104,0.911428571428571
"Suwannee",999,10721,6943,6266,0.902491718277402
"Suwannee",1000,10721,6946,5735,0.825655053268068
"Suwannee",1001,10721,5827,5122,0.879011498198044
"Suwannee",1002,10721,6446,5939,0.92134657151722
"Suwannee",1003,10721,6967,6346,0.910865508827329
"Suwannee",1004,10721,6912,6086,0.880497685185185
"Suwannee",1005,10721,7808,6836,0.875512295081967
"Suwannee",1006,10721,6249,5723,0.915826532245159
"Suwannee",1007,10721,3436,2897,0.843131548311991
"Suwannee",1008,10721,4344,4207,0.968462246777164
"Suwannee",1009,10721,4938,4558,0.923045767517213
"Suwannee",1010,10721,5306,4765,0.898039954768187
"Suwannee",1011,10721,8564,7648,0.893040635217188
"Suwannee",1012,10721,5709,4571,0.800665615694517
"Suwannee",1013,10721,4564,3953,0.86612620508326
"Suwannee",1014,10721,7049,6291,0.892467016598099
"Suwannee",1015,10721,4422,4202,0.950248756218905
"Suwannee",1016,10721,6394,5992,0.937128558023147
"Suwannee",1017,10721,5978,4629,0.774339243894279
"Suwannee",1018,10721,6118,5838,0.954233409610984
"Suwannee",1019,10721,7259,6885,0.94847775175644
"Suwannee",1020,10721,6950,5917,0.85136690647482
"Suwannee",1021,10721,6628,6338,0.956246228123114
"Suwannee",1022,10721,5643,5288,0.937090200248095
"Suwannee",1023,10721,5823,5353,0.91928559161944
"Suwannee",1024,10721,6441,5870,0.911349169383636
"Suwannee",1025,10721,6001,5413,0.902016330611565
"Suwannee",1026,10721,6703,5518,0.823213486498583
"Suwannee",1027,10721,5773,5509,0.954269877013684
"Suwannee",1028,10721,6979,6158,0.882361369823757
"Suwannee",1029,10721,7036,6707,0.953240477544059
"Suwannee",1030,10721,6172,5758,0.932922877511342
"Suwannee",1031,10721,4181,3903,0.933508729968907
"Suwannee",1032,10721,6372,5881,0.922944130571249
"Suwannee",1033,10721,6138,5764,0.939068100358423
"Suwannee",1034,10721,7668,7295,0.951356285863328
"Suwannee",1035,10721,6639,5546,0.835366772104233
"Suwannee",1036,10721,6142,5695,0.927222403126018
"Suwannee",1037,10721,5552,5020,0.904178674351585
"Suwannee",1038,10721,7111,6404,0.90057657150893
"Suwannee",1039,10721,6298,5658,0.89838043823436
"Suwannee",1040,10721,7493,6184,0.825303616708928
"Suwannee",1041,10721,5879,4465,0.759482905255996
"Suwannee",1042,10721,5549,4841,0.872409443142909
"Suwannee",1043,10721,8057,6511,0.808117165197965
"Suwannee",1044,10721,7665,4379,0.57129810828441
"Suwannee",1045,10721,7388,7104,0.961559285327558
"Suwannee",1046,10721,5204,5091,0.978285933897002
"Suwannee",1047,10721,6329,5069,0.800916416495497
"Suwannee",1048,10721,7385,6677,0.904129993229519
"Suwannee",1049,10721,3972,3361,0.846173212487412
"Suwannee",1050,10721,7062,6741,0.954545454545455
"Suwannee",1051,10721,3936,3504,0.890243902439024
"Suwannee",1052,10721,4768,4361,0.914639261744966
"Suwannee",1053,10721,7766,6704,0.863250064383209
"Suwannee",1054,10721,6559,4983,0.759719469431316
"Suwannee",1055,10721,5707,4968,0.870509900122656
"Suwannee",1056,10721,7240,6572,0.907734806629834
"Suwannee",1057,10721,5445,5114,0.93921028466483
"Suwannee",1058,10721,7112,6587,0.926181102362205
"Suwannee",1059,10721,7830,7141,0.912005108556833
"Suwannee",1060,10721,5917,5144,0.869359472705763
"Suwannee",1061,10721,6536,6053,0.926101591187271
"Suwannee",1062,10721,3864,3730,0.965320910973085
"Suwannee",1063,10721,6600,4735,0.717424242424242
"Suwannee",1064,10721,6084,5799,0.953155818540434
"Suwannee",1065,10721,5634,4669,0.82871849485268
"Suwannee",1066,10721,7026,5129,0.730002846569883
"Suwannee",1067,10721,5933,5066,0.853868194842407
"Suwannee",1068,10721,8076,7329,0.907503714710253
"Suwannee",1069,10721,5477,4888,0.892459375570568
"Suwannee",1070,10721,5527,4113,0.744165008141849
"Suwannee",1071,10721,8921,7415,0.831184844748347
"Suwannee",1072,10721,3376,2902,0.859597156398104
"Suwannee",1073,10721,5229,4749,0.908204245553643
"Suwannee",1074,10721,4981,4593,0.92210399518169
"Suwannee",1075,10721,6345,5641,0.889046493301812
"Suwannee",1076,10721,6416,5731,0.89323566084788
"Suwannee",1077,10721,6066,4401,0.725519287833828
"Suwannee",1078,10721,7097,6284,0.885444554036917
"Suwannee",1079,10721,6837,5327,0.77914289893228
"Suwannee",1080,10721,4832,4596,0.951158940397351
"Suwannee",1081,10721,6100,4657,0.76344262295082
"Suwannee",1082,10721,6071,5494,0.904957997035085
"Suwannee",1083,10721,7020,6553,0.933475783475784
"Suwannee",1084,10721,7384,6899,0.93431744312026
"Suwannee",1085,10721,6528,6299,0.964920343137255
"Suwannee",1086,10721,7142,6315,0.884206104732568
"Suwannee",1087,10721,7122,6175,0.867031732659365
"Suwannee",1088,10721,7203,6542,0.908232680827433
"Suwannee",1089,10721,5768,5298,0.918515950069348
"Suwannee",1090,10721,6915,6447,0.932321041214751
"Suwannee",1091,10721,6458,4884,0.756271291421493
"Suwannee",1092,10721,5077,4786,0.94268268662596
"Suwannee",1093,10721,8536,7668,0.898313027179007
"Suwannee",1094,10721,7356,6869,0.933795541054921
"Suwannee",1095,10721,6077,5164,0.849761395425374
"Suwannee",1096,10721,6614,6058,0.915935893559117
"Suwannee",1097,10721,5836,5365,0.919294037011652
"Suwannee",1098,10721,6017,5837,0.9700847598471
"Suwannee",1099,10721,6765,6506,0.961714708056171
"Suwannee",1100,10721,6622,5997,0.905617638175778
"Suwannee",1101,10721,7448,6540,0.878088077336198
"Suwannee",1102,10721,5946,5575,0.937605112680794
"Suwannee",1103,10721,6180,5746,0.929773462783172
"Suwannee",1104,10721,6293,5690,0.904179246782139
"Suwannee",1105,10721,5725,4690,0.819213973799127
"Suwannee",1106,10721,7397,6719,0.908341219413276
"Suwannee",1107,10721,6278,5785,0.921471806307741
"Suwannee",1108,10721,7242,6939,0.958160729080365
"Suwannee",1109,10721,6324,5861,0.926786843769766
"Suwannee",1110,10721,4986,4455,0.893501805054152
"Suwannee",1111,10721,5057,4750,0.939292070397469
"Suwannee",1112,10721,6361,5443,0.85568306869989
"Suwannee",1113,10721,4585,3952,0.861941112322792
"Suwannee",1114,10721,6802,6431,0.945457218465157
"Suwannee",1115,10721,4898,4503,0.919354838709677
"Suwannee",1116,10721,5440,4938,0.907720588235294
"Suwannee",1117,10721,5492,5147,0.937181354697742
"Suwannee",1118,10721,5588,5004,0.895490336435218
"Suwannee",1119,10721,6325,6124,0.968221343873518
"Suwannee",1120,10721,5614,4998,0.890274314214464
"Suwannee",1121,10721,7011,6145,0.876479817429753
"Suwannee",1122,10721,6872,5857,0.852299185098952
"Suwannee",1123,10721,7257,6687,0.921455146754857
"Suwannee",1124,10721,7862,7150,0.909437802085983
"Suwannee",1125,10721,5476,4770,0.871073776479182
"Suwannee",1126,10721,6141,5733,0.933561309233024
"Suwannee",1127,10721,7547,5972,0.7913078044256
"Suwannee",1128,10721,5759,4716,0.818892168779302
"Suwannee",1129,10721,7018,6717,0.957110287831291
"Suwannee",1130,10721,5970,5521,0.924790619765494
"Suwannee",1131,10721,6698,6257,0.934159450582263
"Suwannee",1132,10721,5538,5026,0.907547851209823
"Suwannee",1133,10721,5903,5478,0.928002710486193
"Suwannee",1134,10721,5893,5622,0.954013236042763
"Suwannee",1135,10721,6383,6228,0.975716747610841
"Suwannee",1136,10721,7039,5838,0.829379173178008
"Suwannee",1137,10721,5160,4702,0.911240310077519
"Suwannee",1138,10721,6909,6560,0.949486177449703
"Suwannee",1139,10721,6899,6677,0.967821423394695
"Suwannee",1140,10721,4896,4739,0.967933006535948
"Suwannee",1141,10721,4198,3413,0.813006193425441
"Suwannee",1142,10721,6153,5181,0.842028278888347
"Suwannee",1143,10721,8261,6554,0.793366420530202
"Suwannee",1144,10721,6414,5338,0.832241970689118
"Suwannee",1145,10721,6902,6058,0.877716603882932
"Suwannee",1146,10721,5691,4001,0.703039887541733
"Suwannee",1147,10721,5012,4612,0.920191540303272
"Suwannee",1148,10721,6950,6352,0.913956834532374
"Suwannee",1149,10721,5987,5057,0.844663437447804
"Suwannee",1150,10721,6198,5918,0.954824136818328
"Suwannee",1151,10721,4067,3709,0.911974428325547
"Suwannee",1152,10721,6401,6239,0.974691454460241
"Suwannee",1153,10721,6740,6184,0.917507418397626
"Suwannee",1154,10721,6384,6170,0.966478696741855
"Suwannee",1155,10721,4738,4371,0.922541156606163
"Suwannee",1156,10721,6795,5434,0.799705665930831
"Suwannee",1157,10721,8147,7477,0.917761139069596
"Suwannee",1158,10721,7440,6897,0.927016129032258
"Suwannee",1159,10721,6717,5631,0.838320678874498
"Suwannee",1160,10721,6461,5577,0.86317907444668
"Suwannee",1161,10721,5063,4537,0.89610902626901
"Suwannee",1162,10721,5463,4718,0.863628043199707
"Suwannee",1163,10721,5129,4543,0.885747709105089
"Suwannee",1164,10721,6485,6207,0.957131842713955
"Suwannee",1165,10721,7267,6563,0.903123709921563
"Suwannee",1166,10721,4657,4182,0.898003006227185
"Suwannee",1167,10721,6813,5842,0.857478350212828
"Suwannee",1168,10721,7346,6756,0.919684181867683
"Suwannee",1169,10721,7377,6709,0.90944828521079
"Suwannee",1170,10721,6485,5885,0.907478797224364
"Suwannee",1171,10721,6903,5513,0.798638273214544
"Suwannee",1172,10721,5605,5232,0.933452274754683
"Suwannee",1173,10721,7706,5730,0.743576433947573
"Suwannee",1174,10721,6512,5672,0.871007371007371
"Suwannee",1175,10721,6983,5538,0.793068881569526
"Suwannee",1176,10721,6145,5468,0.889829129373474
"Suwannee",1177,10721,5798,5008,0.8637461193515
"Suwannee",1178,10721,4883,4591,0.940200696293262
"Suwannee",1179,10721,6662,6126,0.919543680576403
"Suwannee",1180,10721,5410,5046,0.93271719038817
"Suwannee",1181,10721,8221,7999,0.972995985889794
"Suwannee",1182,10721,6068,5001,0.824159525379038
"Suwannee",1183,10721,8289,7645,0.922306671492339
"Suwannee",1184,10721,6846,5523,0.806748466257669
"Suwannee",1185,10721,5710,3824,0.669702276707531
"Suwannee",1186,10721,5723,4826,0.843264022365892
"Suwannee",1187,10721,6190,5123,0.827625201938611
"Suwannee",1188,10721,6618,6110,0.923239649440919
"Suwannee",1189,10721,6703,6076,0.906459794122035
"Suwannee",1190,10721,7537,4757,0.631152978638716
"Suwannee",1191,10721,5580,4286,0.768100358422939
"Suwannee",1192,10721,7060,6955,0.985127478753541
"Suwannee",1193,10721,7131,6407,0.898471462627962
"Suwannee",1194,10721,8873,8058,0.908148315113265
"Suwannee",1195,10721,5597,5033,0.899231731284617
"Suwannee",1196,10721,6657,6039,0.907165389815232
"Suwannee",1197,10721,6599,5819,0.881800272768601
"Suwannee",1198,10721,5564,5106,0.917685118619698
"Suwannee",1199,10721,7515,6443,0.857351962741184
"Suwannee",1200,10721,6503,5082,0.781485468245425
"Suwannee",1201,10721,6837,6005,0.878309199941495
"Suwannee",1202,10721,5035,4550,0.903674280039722
"Suwannee",1203,10721,4349,3594,0.826396872844332
"Suwannee",1204,10721,6801,4137,0.60829289810322
"Suwannee",1205,10721,4386,4130,0.941632466940264
"Suwannee",1206,10721,6194,5129,0.828059412334517
"Suwannee",1207,10721,6677,5401,0.808896210873147
"Suwannee",1208,10721,6420,5714,0.890031152647975
"Suwannee",1209,10721,5718,5279,0.923224903812522
"Suwannee",1210,10721,6114,5669,0.927216225057246
"Suwannee",1211,10721,7276,6130,0.842495876855415
"Suwannee",1212,10721,7435,5962,0.801882985877606
"Suwannee",1213,10721,6873,5800,0.843881856540084
"Suwannee",1214,10721,5813,5389,0.927060037846207
"Suwannee",1215,10721,5272,4502,0.853945371775417
"Suwannee",1216,10721,5410,4772,0.882070240295749
"Suwannee",1217,10721,6340,6068,0.957097791798107
"Suwannee",1218,10721,6528,6290,0.963541666666667
"Suwannee",1219,10721,5140,4439,0.863618677042802
"Suwannee",1220,10721,6180,5528,0.894498381877023
"Suwannee",1221,10721,5711,5444,0.953248117667659
"Suwannee",1222,10721,6602,6350,0.961829748561042
"Suwannee",1223,10721,7687,7292,0.948614544035384
"Suwannee",1224,10721,7251,4864,0.670804027030754
"Suwannee",1225,10721,6633,5431,0.818784863560983
"Suwannee",1226,10721,5912,5592,0.945872801082544
"Suwannee",1227,10721,6651,6308,0.94842880769809
"Suwannee",1228,10721,6855,6648,0.96980306345733
"Suwannee",1229,10721,6766,5815,0.859444280224653
"Suwannee",1230,10721,4794,4040,0.842720066750104
"Suwannee",1231,10721,6510,5857,0.899692780337942
"Suwannee",1232,10721,5113,4742,0.927439859182476
"Suwannee",1233,10721,5936,5718,0.963274932614555
"Suwannee",1234,10721,5764,4847,0.840909090909091
"Suwannee",1235,10721,6501,5586,0.859252422704199
"Suwannee",1236,10721,6713,6095,0.907939818263072
"Suwannee",1237,10721,4986,4509,0.904332129963899
"Suwannee",1238,10721,6568,5645,0.859470158343484
"Suwannee",1239,10721,5951,5622,0.94471517392035
"Suwannee",1240,10721,6798,5787,0.851279788172992
"Suwannee",1241,10721,5597,5124,0.915490441307844
"Suwannee",1242,10721,6166,5892,0.955562763542005
"Suwannee",1243,10721,5844,4907,0.839664613278576
"Suwannee",1244,10721,6266,5117,0.816629428662624
"Suwannee",1245,10721,7181,5960,0.829967971034675
"Suwannee",1246,10721,7150,6536,0.914125874125874
"Suwannee",1247,10721,5757,5346,0.928608650338718
"Suwannee",1248,10721,7134,6442,0.902999719652369
"Suwannee",1249,10721,7579,7099,0.936667106478427
"Suwannee",1250,10721,6769,6329,0.934997784015364
"Suwannee",1251,10721,4265,3596,0.843141852286049
"Suwannee",1252,10721,5919,4657,0.786788308835952
"Suwannee",1253,10721,7368,6918,0.938925081433225
"Suwannee",1254,10721,5674,5502,0.969686288332746
"Suwannee",1255,10721,5038,4386,0.870583564906709
"Suwannee",1256,10721,7933,7490,0.94415731753435
"Suwannee",1257,10721,6673,5924,0.88775663120036
"Suwannee",1258,10721,7480,5683,0.75975935828877
"Suwannee",1259,10721,6113,5565,0.910354981187633
"Suwannee",1260,10721,5667,5424,0.9571201694018
"Suwannee",1261,10721,7359,6580,0.894143225981791
"Suwannee",1262,10721,5755,5533,0.961424847958297
"Suwannee",1263,10721,5993,5596,0.933756048723511
"Suwannee",1264,10721,5908,5385,0.9114759647935
"Suwannee",1265,10721,6302,5870,0.931450333227547
"Suwannee",1266,10721,6915,6319,0.913810556760665
"Suwannee",1267,10721,6954,6413,0.922203048605119
"Suwannee",1268,10721,7935,7425,0.935727788279773
"Suwannee",1269,10721,6853,6127,0.894060995184591
"Suwannee",1270,10721,5564,5292,0.951114306254493
"Suwannee",1271,10721,6565,6123,0.932673267326733
"Suwannee",1272,10721,7009,5451,0.777714367242117
"Suwannee",1273,10721,6953,6526,0.938587660002876
"Suwannee",1274,10721,8436,7055,0.836296823138928
"Suwannee",1275,10721,8047,7279,0.904560705853113
"Suwannee",1276,10721,7394,6748,0.912631863673249
"Suwannee",1277,10721,8641,7912,0.91563476449485
"Suwannee",1278,10721,5355,4389,0.819607843137255
"Suwannee",1279,10721,6880,5973,0.868168604651163
"Suwannee",1280,10721,6555,6098,0.930282227307399
"Suwannee",1281,10721,7730,5749,0.74372574385511
"Suwannee",1282,10721,7193,6384,0.887529542610872
"Suwannee",1283,10721,7630,5996,0.785845347313237
"Suwannee",1284,10721,5818,4764,0.818838088690272
"Suwannee",1285,10721,5131,4556,0.887936074839213
"Suwannee",1286,10721,7361,5699,0.774215459855998
"Suwannee",1287,10721,6337,5251,0.828625532586397
"Suwannee",1288,10721,6249,5409,0.865578492558809
"Suwannee",1289,10721,5631,5195,0.922571479310957
"Suwannee",1290,10721,6029,5550,0.920550671753193
"Suwannee",1291,10721,7629,6864,0.899724734565474
"Suwannee",1292,10721,4086,3702,0.906020558002937
"Suwannee",1293,10721,7528,6291,0.835680127523911
"Suwannee",1294,10721,5174,4586,0.886354851178972
"Suwannee",1295,10721,5612,4865,0.866892373485389
"Suwannee",1296,10721,6366,6024,0.946277097078228
"Suwannee",1297,10721,7003,6597,0.94202484649436
"Suwannee",1298,10721,5795,5132,0.885591026747196
"Suwannee",1299,10721,7716,6404,0.829963711767755
"Suwannee",1300,10721,6184,5786,0.935640362225097
"Suwannee",1301,10721,7109,6669,0.938106625404417
"Suwannee",1302,10721,6555,5848,0.892143401983219
"Suwannee",1303,10721,7036,6351,0.902643547470154
"Suwannee",1304,10721,5816,4511,0.775618982118294
"Suwannee",1305,10721,7498,6871,0.916377700720192
"Suwannee",1306,10721,7444,5897,0.79218162278345
"Suwannee",1307,10721,5284,4932,0.9333838001514
"Suwannee",1308,10721,7110,6824,0.959774964838256
"Suwannee",1309,10721,6691,6227,0.93065311612614
"Suwannee",1310,10721,5553,5250,0.945434900054025
"Suwannee",1311,10721,7997,7665,0.958484431661873
"Suwannee",1312,10721,6252,5386,0.861484325015995
"Suwannee",1313,10721,8327,7870,0.945118289900324
"Suwannee",1314,10721,6365,6117,0.961036920659859
"Suwannee",1315,10721,5520,4929,0.892934782608696
"Suwannee",1316,10721,4818,4637,0.962432544624325
"Suwannee",1317,10721,7259,6939,0.955916792946687
"Suwannee",1318,10721,6854,6380,0.930843303180624
"Suwannee",1319,10721,7382,6562,0.888918992143051
"Suwannee",1320,10721,5708,4032,0.706377014716188
"Suwannee",1321,10721,5254,4954,0.942900647125999
"Suwannee",1322,10721,6210,5876,0.94621578099839
"Suwannee",1323,10721,7696,7203,0.935940748440748
"Suwannee",1324,10721,6664,6004,0.900960384153661
"Suwannee",1325,10721,5816,5121,0.880502063273728
"Suwannee",1326,10721,6180,5376,0.869902912621359
"Suwannee",1327,10721,7242,6678,0.922120961060481
"Suwannee",1328,10721,6983,6376,0.913074609766576
"Suwannee",1329,10721,4839,4308,0.89026658400496
"Suwannee",1330,10721,7173,6330,0.882475951484734
"Suwannee",1331,10721,7327,6086,0.830626450116009
"Suwannee",1332,10721,6530,5675,0.86906584992343
"Suwannee",1333,10721,5201,4675,0.898865602768698
"Suwannee",1334,10721,6652,5836,0.877330126277811
"Suwannee",1335,10721,7598,6925,0.911424058962885
"Suwannee",1336,10721,8046,7179,0.892244593586875
"Suwannee",1337,10721,6597,5883,0.891768985902683
"Suwannee",1338,10721,6627,5789,0.873547608269202
"Suwannee",1339,10721,5660,5272,0.931448763250883
"Suwannee",1340,10721,5512,4751,0.861937590711176
"Suwannee",1341,10721,5029,4345,0.863988864585405
"Suwannee",1342,10721,7760,7167,0.923582474226804
"Suwannee",1343,10721,5246,4783,0.911742279832253
"Suwannee",1344,10721,6757,6274,0.92851857333136
"Suwannee",1345,10721,6833,5605,0.820283916288599
"Suwannee",1346,10721,7281,6372,0.875154511742892
"Suwannee",1347,10721,5941,5759,0.969365426695842
"Suwannee",1348,10721,7326,6296,0.859404859404859
"Suwannee",1349,10721,5829,5502,0.94390118373649
"Suwannee",1350,10721,4548,4055,0.891600703605981
"Suwannee",1351,10721,6565,6206,0.945316070068545
"Suwannee",1352,10721,6259,6047,0.966128774564627
"Suwannee",1353,10721,6650,6361,0.956541353383459
"Suwannee",1354,10721,7307,6802,0.930888189407418
"Suwannee",1355,10721,5238,5098,0.973272241313478
"Suwannee",1356,10721,7077,6346,0.896707644482125
"Suwannee",1357,10721,4860,4465,0.918724279835391
"Suwannee",1358,10721,7580,6821,0.899868073878628
"Suwannee",1359,10721,8800,8632,0.980909090909091
"Suwannee",1360,10721,6561,4892,0.745618046029569
"Suwannee",1361,10721,5893,5526,0.937722721873409
"Suwannee",1362,10721,5794,4966,0.8570935450466
"Suwannee",1363,10721,5666,4939,0.87169078715143
"Suwannee",1364,10721,5211,3911,0.750527729802341
"Suwannee",1365,10721,6777,6417,0.946879150066401
"Suwannee",1366,10721,5530,5009,0.905786618444846
"Suwannee",1367,10721,5954,5637,0.946758481692979
"Suwannee",1368,10721,6209,5693,0.91689483008536
"Suwannee",1369,10721,6633,6054,0.912709181365898
"Suwannee",1370,10721,6285,5970,0.949880668257757
"Suwannee",1371,10721,6915,6540,0.945770065075922
"Suwannee",1372,10721,6858,6224,0.907553222513852
"Suwannee",1373,10721,6756,6492,0.960923623445826
"Suwannee",1374,10721,5565,5061,0.909433962264151
"Suwannee",1375,10721,7136,6423,0.900084080717489
"Suwannee",1376,10721,6923,6610,0.954788386537628
"Suwannee",1377,10721,6653,4991,0.750187885164587
"Suwannee",1378,10721,5878,4588,0.780537597822389
"Suwannee",1379,10721,4847,4265,0.879925727253972
"Suwannee",1380,10721,3735,3470,0.92904953145917
"Suwannee",1381,10721,8017,6323,0.788699014593988
"Suwannee",1382,10721,7611,6823,0.896465641834187
"Suwannee",1383,10721,7123,6318,0.886985820581216
"Suwannee",1384,10721,5938,5472,0.921522398113843
"Suwannee",1385,10721,4852,4407,0.908285243198681
"Suwannee",1386,10721,5016,4718,0.940590111642743
"Suwannee",1387,10721,6830,6438,0.942606149341142
"Suwannee",1388,10721,6650,5694,0.856240601503759
"Suwannee",1389,10721,6052,5418,0.895241242564441
"Suwannee",1390,10721,7054,6535,0.9264247235611
"Suwannee",1391,10721,6193,5788,0.934603584692395
"Suwannee",1392,10721,7137,6319,0.885386016533558
"Suwannee",1393,10721,7732,5600,0.724262803931712
"Suwannee",1394,10721,7613,6949,0.912780769735978
"Suwannee",1395,10721,5322,4674,0.878241262683202
"Suwannee",1396,10721,5102,4923,0.964915719325755
"Suwannee",1397,10721,6748,6320,0.936573799644339
"Suwannee",1398,10721,4732,4210,0.889687235841082
"Suwannee",1399,10721,5680,5139,0.904753521126761
"Suwannee",1400,10721,3896,3198,0.820841889117043
"Suwannee",1401,10721,5356,4592,0.857356235997013
"Suwannee",1402,10721,6703,6317,0.942413844547218
"Suwannee",1403,10721,6327,5958,0.941678520625889
"Suwannee",1404,10721,6746,6411,0.950340942780907
"Suwannee",1405,10721,7166,6364,0.888082612336031
"Suwannee",1406,10721,5492,5053,0.92006554989075
"Suwannee",1407,10721,6405,6083,0.949726775956284
"Suwannee",1408,10721,5765,5346,0.927320034692108
"Suwannee",1409,10721,6879,4955,0.720308184329118
"Suwannee",1410,10721,7000,6772,0.967428571428571
"Suwannee",1411,10721,5648,5194,0.919617563739377
"Suwannee",1412,10721,5758,5471,0.950156304272317
"Suwannee",1413,10721,5234,4686,0.895299961788307
"Suwannee",1414,10721,8822,8342,0.945590569031966
"Suwannee",1415,10721,5332,4728,0.886721680420105
"Suwannee",1416,10721,7497,6835,0.911698012538349
"Suwannee",1417,10721,4685,4361,0.930843116328709
"Suwannee",1418,10721,7221,6709,0.929095693117297
"Suwannee",1419,10721,6157,5505,0.894104271560825
"Suwannee",1420,10721,7683,6369,0.828973057399453
"Suwannee",1421,10721,7463,7001,0.938094600026799
"Suwannee",1422,10721,6392,5844,0.914267834793492
"Suwannee",1423,10721,7770,7431,0.956370656370656
"Suwannee",1424,10721,6179,5474,0.885903867939796
"Suwannee",1425,10721,8456,7591,0.897705771050142
"Suwannee",1426,10721,7437,6988,0.939626193357537
"Suwannee",1427,10721,5169,4940,0.955697426968466
"Suwannee",1428,10721,7159,6377,0.890766866880849
"Suwannee",1429,10721,6896,5699,0.826421113689095
"Suwannee",1430,10721,6932,5915,0.853289094056549
"Suwannee",1431,10721,6500,5383,0.828153846153846
"Suwannee",1432,10721,5486,4723,0.86091870215093
"Suwannee",1433,10721,7024,6189,0.881121867881549
"Suwannee",1434,10721,7110,6507,0.915189873417722
"Suwannee",1435,10721,5630,5215,0.926287744227353
"Suwannee",1436,10721,5326,5135,0.964138190011265
"Suwannee",1437,10721,7190,5508,0.766063977746871
"Suwannee",1438,10721,7086,6686,0.943550663279706
"Suwannee",1439,10721,7356,6522,0.886623164763458
"Suwannee",1440,10721,6841,6583,0.962286215465575
"Suwannee",1441,10721,7118,5728,0.80472042708626
"Suwannee",1442,10721,7378,5654,0.766332339387368
"Suwannee",1443,10721,7927,7050,0.889365459820865
"Suwannee",1444,10721,5362,4873,0.908802685565088
"Suwannee",1445,10721,5413,5007,0.924995381489008
"Suwannee",1446,10721,6170,4578,0.741977309562399
"Suwannee",1447,10721,6392,6036,0.944305381727159
"Suwannee",1448,10721,8384,7715,0.920205152671756
"Suwannee",1449,10721,3320,3154,0.95
"Suwannee",1450,10721,8228,7756,0.94263490520175
"Suwannee",1451,10721,8344,7580,0.908437200383509
"Suwannee",1452,10721,5163,4243,0.821809025760217
"Suwannee",1453,10721,5531,5230,0.945579461218586
"Suwannee",1454,10721,6336,6109,0.96417297979798
"Suwannee",1455,10721,8182,7246,0.88560254216573
"Suwannee",1456,10721,5686,5290,0.930355258529722
"Suwannee",1457,10721,6551,6211,0.948099526789803
"Suwannee",1458,10721,7042,5278,0.749502982107356
"Suwannee",1459,10721,4323,3827,0.885264862364099
"Suwannee",1460,10721,6966,6547,0.939850703416595
"Suwannee",1461,10721,6319,6012,0.951416363348631
"Suwannee",1462,10721,6560,6038,0.920426829268293
"Suwannee",1463,10721,6299,5825,0.924749960311161
"Suwannee",1464,10721,7428,6694,0.901184706515886
"Suwannee",1465,10721,7390,6353,0.859675236806495
"Suwannee",1466,10721,6077,5519,0.908178377488893
"Suwannee",1467,10721,6490,5998,0.924191063174114
"Suwannee",1468,10721,4542,4104,0.903566710700132
"Suwannee",1469,10721,6110,5543,0.907201309328969
"Suwannee",1470,10721,6381,5660,0.887008305908165
"Suwannee",1471,10721,4979,4786,0.961237196224141
"Suwannee",1472,10721,5085,4188,0.823598820058997
"Suwannee",1473,10721,5674,5302,0.934437786394078
"Suwannee",1474,10721,5024,4775,0.950437898089172
"Suwannee",1475,10721,3437,3254,0.946755891766075
"Suwannee",1476,10721,5241,4980,0.950200343445907
"Suwannee",1477,10721,5510,5171,0.938475499092559
"Suwannee",1478,10721,7611,7093,0.931940612271712
"Suwannee",1479,10721,6587,5737,0.870957947472294
"Suwannee",1480,10721,8327,7960,0.955926504143149
"Suwannee",1481,10721,6504,5403,0.830719557195572
"Suwannee",1482,10721,5997,5730,0.955477738869435
"Suwannee",1483,10721,7503,6297,0.839264294282287
"Suwannee",1484,10721,7095,6187,0.872022551092319
"Suwannee",1485,10721,7000,6464,0.923428571428571
"Suwannee",1486,10721,7435,5790,0.778749159381305
"Suwannee",1487,10721,8812,7326,0.831366318656378
"Suwannee",1488,10721,8004,5692,0.711144427786107
"Suwannee",1489,10721,7289,6852,0.940046645630402
"Suwannee",1490,10721,5661,5132,0.906553612435965
"Suwannee",1491,10721,6847,5617,0.820359281437126
"Suwannee",1492,10721,6209,5979,0.962956997906265
"Suwannee",1493,10721,6622,6217,0.938840229537904
"Suwannee",1494,10721,6280,5946,0.946815286624204
"Suwannee",1495,10721,6228,5728,0.919717405266538
"Suwannee",1496,10721,5372,4695,0.87397617274758
"Suwannee",1497,10721,6623,6110,0.92254265438623
"Suwannee",1498,10721,5957,5389,0.904649991606513
"Suwannee",1499,10721,6325,6057,0.957628458498024
"Suwannee",1500,10721,4843,4090,0.844517860830064
"Suwannee",1501,10721,7748,7083,0.914171399070728
"Suwannee",1502,10721,6548,6177,0.943341478313989
"Suwannee",1503,10721,6793,6485,0.954659208008244
"Suwannee",1504,10721,5511,5009,0.908909453819634
"Suwannee",1505,10721,5979,4998,0.835925740090316
"Suwannee",1506,10721,7027,6500,0.925003557705991
"Suwannee",1507,10721,7601,6193,0.814761215629522
"Suwannee",1508,10721,6015,5214,0.866832917705736
"Suwannee",1509,10721,8509,8127,0.95510635797391
"Suwannee",1510,10721,5817,5058,0.869520371325425
"Suwannee",1511,10721,6097,5722,0.938494341479416
"Suwannee",1512,10721,6072,5461,0.89937417654809
"Suwannee",1513,10721,5233,4731,0.904070322950506
"Suwannee",1514,10721,5522,5314,0.962332488228903
"Suwannee",1515,10721,4598,4095,0.890604610700304
"Suwannee",1516,10721,7494,7281,0.971577261809448
"Suwannee",1517,10721,6910,5045,0.730101302460203
"Suwannee",1518,10721,6192,4876,0.787467700258398
"Suwannee",1519,10721,8003,7388,0.923153817318506
"Suwannee",1520,10721,6779,6201,0.914736686826966
"Suwannee",1521,10721,7114,6650,0.934776497048074
"Suwannee",1522,10721,7214,6705,0.929442750207929
"Suwannee",1523,10721,7268,6645,0.914281783159053
"Suwannee",1524,10721,5554,4966,0.89413035649982
"Suwannee",1525,10721,5854,5126,0.875640587632388
"Suwannee",1526,10721,5390,4569,0.847680890538033
"Suwannee",1527,10721,4407,3951,0.896528250510551
"Suwannee",1528,10721,4503,3908,0.867865867199645
"Suwannee",1529,10721,7205,6499,0.902012491325468
"Suwannee",1530,10721,5988,5737,0.958082832331329
"Suwannee",1531,10721,5899,4878,0.826919816918122
"Suwannee",1532,10721,6792,5649,0.831713780918728
"Suwannee",1533,10721,5605,5048,0.900624442462087
"Suwannee",1534,10721,5457,4759,0.872090892431739
"Suwannee",1535,10721,5419,4810,0.887617641631297
"Suwannee",1536,10721,6793,6303,0.927866921831297
"Suwannee",1537,10721,6976,6337,0.908400229357798
"Suwannee",1538,10721,6721,6247,0.92947478053861
"Suwannee",1539,10721,5552,5384,0.969740634005764
"Suwannee",1540,10721,5778,5470,0.946694357909311
"Suwannee",1541,10721,8018,7810,0.974058368670491
"Suwannee",1542,10721,6984,6148,0.880297823596793
"Suwannee",1543,10721,6498,5712,0.879039704524469
"Suwannee",1544,10721,5339,5146,0.963850908409815
"Suwannee",1545,10721,5784,4953,0.856327800829875
"Suwannee",1546,10721,5963,5437,0.911789367767902
"Suwannee",1547,10721,7599,4894,0.644032109488091
"Suwannee",1548,10721,6810,6292,0.923935389133627
"Suwannee",1549,10721,7969,5187,0.65089722675367
"Suwannee",1550,10721,6478,5988,0.92435937017598
"Suwannee",1551,10721,6647,6153,0.925680758236799
"Suwannee",1552,10721,6516,5927,0.909607120933088
"Suwannee",1553,10721,6829,6101,0.893395811978328
"Suwannee",1554,10721,7636,6842,0.896018858040859
"Suwannee",1555,10721,5731,4784,0.834758331879253
"Suwannee",1556,10721,7133,5040,0.70657507360157
"Suwannee",1557,10721,7885,6955,0.882054533925174
"Suwannee",1558,10721,7174,5688,0.792863116810705
"Suwannee",1559,10721,6112,5445,0.890870418848168
"Suwannee",1560,10721,5291,4838,0.914382914382914
"Suwannee",1561,10721,6674,6032,0.903805813605034
"Suwannee",1562,10721,8014,7173,0.895058647367108
"Suwannee",1563,10721,4946,4653,0.940760210270926
"Suwannee",1564,10721,5090,4161,0.817485265225933
"Suwannee",1565,10721,7383,6902,0.934850331843424
"Suwannee",1566,10721,6299,5699,0.904746785204001
"Suwannee",1567,10721,7228,6267,0.867044825677919
"Suwannee",1568,10721,7558,6632,0.877480815030431
"Suwannee",1569,10721,7381,7133,0.966400216772795
"Suwannee",1570,10721,5830,5144,0.882332761578045
"Suwannee",1571,10721,6999,6536,0.933847692527504
"Suwannee",1572,10721,3760,3527,0.938031914893617
"Suwannee",1573,10721,6608,5857,0.886349878934625
"Suwannee",1574,10721,6023,5898,0.979246222812552
"Suwannee",1575,10721,5772,5227,0.905578655578656
"Suwannee",1576,10721,6691,6178,0.923329846061874
"Suwannee",1577,10721,6940,6172,0.889337175792507
"Suwannee",1578,10721,8045,7476,0.929272840273462
"Suwannee",1579,10721,7932,7189,0.906328794755421
"Suwannee",1580,10721,6420,6064,0.944548286604361
"Suwannee",1581,10721,4816,4430,0.91985049833887
"Suwannee",1582,10721,5254,4764,0.906737723639132
"Suwannee",1583,10721,6532,5641,0.863594611145132
"Suwannee",1584,10721,7822,6898,0.881871644080798
"Suwannee",1585,10721,5380,4988,0.927137546468402
"Suwannee",1586,10721,7978,6722,0.842567059413387
"Suwannee",1587,10721,6620,6297,0.951208459214501
"Suwannee",1588,10721,7591,6409,0.844289289948623
"Suwannee",1589,10721,6043,5311,0.878868111864968
"Suwannee",1590,10721,5203,4095,0.787045935037478
"Suwannee",1591,10721,6948,5886,0.847150259067358
"Suwannee",1592,10721,7010,6562,0.936091298145506
"Suwannee",1593,10721,5601,5279,0.942510266023924
"Suwannee",1594,10721,5844,5274,0.902464065708419
"Suwannee",1595,10721,6918,6478,0.936397802833189
"Suwannee",1596,10721,8141,4609,0.566146665028866
"Suwannee",1597,10721,6007,5779,0.962044281671383
"Suwannee",1598,10721,5949,5589,0.939485627836611
"Suwannee",1599,10721,5222,4479,0.857717349674454
"Suwannee",1600,10721,6552,5372,0.81990231990232
"Suwannee",1601,10721,7730,6600,0.853816300129366
"Suwannee",1602,10721,6666,5839,0.875937593759376
"Suwannee",1603,10721,6798,5958,0.876434245366284
"Suwannee",1604,10721,6424,5804,0.903486924034869
"Suwannee",1605,10721,6686,6228,0.931498653903679
"Suwannee",1606,10721,7337,6443,0.878151833174322
"Suwannee",1607,10721,6844,6112,0.893045002922268
"Suwannee",1608,10721,6788,5827,0.858426635238656
"Suwannee",1609,10721,5250,4767,0.908
"Suwannee",1610,10721,5797,5582,0.962911850957392
"Suwannee",1611,10721,6817,6002,0.88044594396362
"Suwannee",1612,10721,7297,6782,0.929423050568727
"Suwannee",1613,10721,5748,5287,0.919798190675017
"Suwannee",1614,10721,5087,4650,0.914094751326912
"Suwannee",1615,10721,6816,6632,0.973004694835681
"Suwannee",1616,10721,4495,4083,0.908342602892102
"Suwannee",1617,10721,5084,4505,0.886113296616837
"Suwannee",1618,10721,5890,5376,0.912733446519525
"Suwannee",1619,10721,8067,7821,0.96950539233916
"Suwannee",1620,10721,6791,6004,0.884111323810926
"Suwannee",1621,10721,5193,4721,0.909108415174273
"Suwannee",1622,10721,6594,6286,0.953290870488323
"Suwannee",1623,10721,5788,5313,0.917933655839668
"Suwannee",1624,10721,7183,6787,0.944869831546707
"Suwannee",1625,10721,7749,7280,0.939476061427281
"Suwannee",1626,10721,6798,6042,0.888790820829656
"Suwannee",1627,10721,6878,6194,0.900552486187845
"Suwannee",1628,10721,6333,5840,0.922153797568293
"Suwannee",1629,10721,6777,5517,0.814077025232404
"Suwannee",1630,10721,6629,5680,0.856841152511691
"Suwannee",1631,10721,6155,5753,0.934687246141348
"Suwannee",1632,10721,5107,4761,0.932249853142745
"Suwannee",1633,10721,3617,3399,0.939729057229748
"Suwannee",1634,10721,7003,6511,0.929744395259175
"Suwannee",1635,10721,5388,4412,0.818856718634001
"Suwannee",1636,10721,8398,6984,0.831626577756609
"Suwannee",1637,10721,7358,6997,0.950937754824681
"Suwannee",1638,10721,7584,7309,0.963739451476793
"Suwannee",1639,10721,7136,6552,0.918161434977579
"Suwannee",1640,10721,5867,5324,0.907448440429521
"Suwannee",1641,10721,5286,4850,0.917517972001513
"Suwannee",1642,10721,6702,5246,0.782751417487317
"Suwannee",1643,10721,4876,4618,0.947087776866284
"Suwannee",1644,10721,6472,6211,0.959672435105068
"Suwannee",1645,10721,6159,5514,0.895275207014126
"Suwannee",1646,10721,6479,6038,0.931933940422905
"Suwannee",1647,10721,5903,5117,0.866847365746231
"Suwannee",1648,10721,6988,6446,0.922438465941614
"Suwannee",1649,10721,5096,4728,0.927786499215071
"Suwannee",1650,10721,6792,6446,0.949057714958775
"Suwannee",1651,10721,7138,5772,0.808629868310451
"Suwannee",1652,10721,5025,4835,0.962189054726368
"Suwannee",1653,10721,6191,5452,0.880633177192699
"Suwannee",1654,10721,6581,6080,0.923871752013372
"Suwannee",1655,10721,7157,6046,0.844767360625961
"Suwannee",1656,10721,6503,5883,0.904659387974781
"Suwannee",1657,10721,4963,4394,0.885351601853718
"Suwannee",1658,10721,9002,8814,0.979115752055099
"Suwannee",1659,10721,7999,7590,0.948868608576072
"Suwannee",1660,10721,5621,5459,0.971179505426081
"Suwannee",1661,10721,4927,4453,0.903795413030242
"Suwannee",1662,10721,5642,5281,0.93601559730592
"Suwannee",1663,10721,6333,4983,0.786830885836097
"Suwannee",1664,10721,6131,5690,0.928070461588648
"Suwannee",1665,10721,6472,5313,0.820920889987639
"Suwannee",1666,10721,5854,5451,0.931158182439358
"Suwannee",1667,10721,7893,6901,0.874319016850374
"Suwannee",1668,10721,6834,6426,0.940298507462687
"Suwannee",1669,10721,6799,5171,0.760553022503309
"Suwannee",1670,10721,7209,6422,0.890830905812179
"Suwannee",1671,10721,7105,5528,0.778043631245602
"Suwannee",1672,10721,6455,5983,0.926878388845856
"Suwannee",1673,10721,5807,5514,0.949543654210436
"Suwannee",1674,10721,7010,6140,0.875891583452211
"Suwannee",1675,10721,5879,5027,0.855077394114645
"Suwannee",1676,10721,5670,5238,0.923809523809524
"Suwannee",1677,10721,6113,5555,0.908719123180108
"Suwannee",1678,10721,7255,6525,0.899379738111647
"Suwannee",1679,10721,7803,6514,0.834807125464565
"Suwannee",1680,10721,6640,5400,0.813253012048193
"Suwannee",1681,10721,6162,5410,0.877961700746511
"Suwannee",1682,10721,7929,7190,0.906797830747888
"Suwannee",1683,10721,7013,5474,0.780550406388136
"Suwannee",1684,10721,6279,5637,0.89775441949355
"Suwannee",1685,10721,7951,6709,0.843793233555528
"Suwannee",1686,10721,6569,5245,0.798447252245395
"Suwannee",1687,10721,5154,4939,0.958284827318588
"Suwannee",1688,10721,7471,6876,0.920358720385491
"Suwannee",1689,10721,8719,8371,0.960087165959399
"Suwannee",1690,10721,6174,5915,0.958049886621315
"Suwannee",1691,10721,7808,6822,0.873719262295082
"Suwannee",1692,10721,6957,6128,0.880839442288343
"Suwannee",1693,10721,7585,6882,0.907317073170732
"Suwannee",1694,10721,7818,7014,0.897160399079048
"Suwannee",1695,10721,5654,5203,0.920233463035019
"Suwannee",1696,10721,4555,3524,0.773655323819978
"Suwannee",1697,10721,7178,6483,0.903176372248537
"Suwannee",1698,10721,7599,5112,0.672720094749309
"Suwannee",1699,10721,7234,6909,0.955073265136854
"Suwannee",1700,10721,7989,7417,0.928401552134185
"Suwannee",1701,10721,6802,5903,0.867832990296971
"Suwannee",1702,10721,6861,5948,0.866929019093427
"Suwannee",1703,10721,7849,6923,0.882023187667219
"Suwannee",1704,10721,7296,6661,0.91296600877193
"Suwannee",1705,10721,5435,4695,0.863845446182153
"Suwannee",1706,10721,7291,6820,0.935399807982444
"Suwannee",1707,10721,5990,4197,0.700667779632721
"Suwannee",1708,10721,6403,4903,0.765734811806965
"Suwannee",1709,10721,6938,5736,0.826751225136927
"Suwannee",1710,10721,6350,5689,0.895905511811024
"Suwannee",1711,10721,7221,6880,0.952776623736325
"Suwannee",1712,10721,6027,5302,0.879707980753277
"Suwannee",1713,10721,6438,6046,0.939111525318422
"Suwannee",1714,10721,6012,5486,0.912508316699933
"Suwannee",1715,10721,7611,6811,0.894888976481409
"Suwannee",1716,10721,6569,6058,0.922210382097732
"Suwannee",1717,10721,8180,7146,0.87359413202934
"Suwannee",1718,10721,6401,5600,0.874863302608967
"Suwannee",1719,10721,4929,4550,0.923108135524447
"Suwannee",1720,10721,6139,5751,0.936797524026714
"Suwannee",1721,10721,7849,6210,0.791183590266276
"Suwannee",1722,10721,6701,5735,0.855842411580361
"Suwannee",1723,10721,8788,7739,0.880632680928539
"Suwannee",1724,10721,8924,6244,0.69968623935455
"Suwannee",1725,10721,7580,7304,0.963588390501319
"Suwannee",1726,10721,7533,6602,0.876410460639851
"Suwannee",1727,10721,5822,5156,0.885606320851941
"Suwannee",1728,10721,4918,4079,0.82940219601464
"Suwannee",1729,10721,7276,6780,0.931830676195712
"Suwannee",1730,10721,7057,6266,0.887912710783619
"Suwannee",1731,10721,8136,7596,0.933628318584071
"Suwannee",1732,10721,5620,5105,0.908362989323843
"Suwannee",1733,10721,5174,4374,0.845380749903363
"Suwannee",1734,10721,6415,6110,0.952455183164458
"Suwannee",1735,10721,7191,6486,0.901960784313726
"Suwannee",1736,10721,6503,5786,0.889743195448255
"Suwannee",1737,10721,6662,6134,0.920744521164815
"Suwannee",1738,10721,5629,5203,0.924320483211938
"Suwannee",1739,10721,6865,6129,0.89278951201748
"Suwannee",1740,10721,5752,5363,0.932371349095967
"Suwannee",1741,10721,5699,4830,0.847517108264608
"Suwannee",1742,10721,6388,5614,0.878835316217909
"Suwannee",1743,10721,8605,6765,0.78617083091226
"Suwannee",1744,10721,6275,4313,0.687330677290837
"Suwannee",1745,10721,6038,5800,0.960582974494866
"Suwannee",1746,10721,5573,4878,0.875291584424906
"Suwannee",1747,10721,3774,3522,0.933227344992051
"Suwannee",1748,10721,6640,5509,0.829668674698795
"Suwannee",1749,10721,7477,7058,0.943961481877758
"Suwannee",1750,10721,4675,4024,0.860748663101604
"Suwannee",1751,10721,3478,2911,0.836975273145486
"Suwannee",1752,10721,5492,5265,0.958667152221413
"Suwannee",1753,10721,6286,5855,0.931434934775692
"Suwannee",1754,10721,6747,5677,0.841410997480362
"Suwannee",1755,10721,7029,6407,0.911509460805235
"Suwannee",1756,10721,6132,5134,0.837247227658187
"Suwannee",1757,10721,5857,5373,0.917363838142394
"Suwannee",1758,10721,4964,4618,0.930298146655923
"Suwannee",1759,10721,7304,6037,0.826533406352683
"Suwannee",1760,10721,6588,6094,0.92501517911354
"Suwannee",1761,10721,6892,6180,0.896691816598955
"Suwannee",1762,10721,7263,6916,0.952223599063748
"Suwannee",1763,10721,7865,6564,0.834583598219962
"Suwannee",1764,10721,6778,5679,0.837857775154913
"Suwannee",1765,10721,6509,6206,0.953449070517745
"Suwannee",1766,10721,6767,6239,0.921974286980937
"Suwannee",1767,10721,7224,6639,0.919019933554817
"Suwannee",1768,10721,5558,4969,0.894026628283555
"Suwannee",1769,10721,5859,5434,0.927462024236218
"Suwannee",1770,10721,6093,5305,0.870671262104054
"Suwannee",1771,10721,7733,6094,0.788051209103841
"Suwannee",1772,10721,5683,4916,0.865036072496921
"Suwannee",1773,10721,7152,6922,0.967841163310962
"Suwannee",1774,10721,7769,7158,0.921354099626722
"Suwannee",1775,10721,5616,5297,0.943198005698006
"Suwannee",1776,10721,6576,6143,0.934154501216545
"Suwannee",1777,10721,7967,7645,0.959583281034266
"Suwannee",1778,10721,6233,5555,0.891224129632601
"Suwannee",1779,10721,6625,6254,0.944
"Suwannee",1780,10721,6289,5201,0.826999522976626
"Suwannee",1781,10721,6001,4990,0.831528078653558
"Suwannee",1782,10721,4172,3743,0.897171620325983
"Suwannee",1783,10721,7003,6605,0.943167214051121
"Suwannee",1784,10721,7389,7017,0.949654892407633
"Suwannee",1785,10721,5767,4879,0.846020461245015
"Suwannee",1786,10721,3973,3608,0.908129876667506
"Suwannee",1787,10721,7621,7382,0.968639286182916
"Suwannee",1788,10721,7199,6800,0.944575635504931
"Suwannee",1789,10721,6584,5175,0.785996354799514
"Suwannee",1790,10721,6133,5561,0.906734061633784
"Suwannee",1791,10721,6269,4432,0.706970808741426
"Suwannee",1792,10721,6360,5198,0.817295597484277
"Suwannee",1793,10721,8088,6236,0.771018793273986
"Suwannee",1794,10721,6691,6063,0.906142579584516
"Suwannee",1795,10721,6723,5518,0.820764539640042
"Suwannee",1796,10721,7626,7054,0.924993443482822
"Suwannee",1797,10721,7033,6837,0.972131380634153
"Suwannee",1798,10721,4902,4669,0.952468380252958
"Suwannee",1799,10721,7292,6704,0.919363686231487
"Suwannee",1800,10721,5621,5419,0.964063333926348
"Suwannee",1801,10721,7326,6861,0.936527436527437
"Suwannee",1802,10721,5742,5158,0.898293277603622
"Suwannee",1803,10721,6807,6094,0.895254884677538
"Suwannee",1804,10721,4806,4552,0.947149396587599
"Suwannee",1805,10721,6295,5040,0.800635424940429
"Suwannee",1806,10721,5702,4753,0.833567169414241
"Suwannee",1807,10721,7876,7147,0.90744032503809
"Suwannee",1808,10721,4534,4098,0.903837670930746
"Suwannee",1809,10721,5712,5299,0.927696078431373
"Suwannee",1810,10721,7181,6440,0.896811029104582
"Suwannee",1811,10721,5284,4497,0.85105980317941
"Suwannee",1812,10721,6279,5655,0.900621118012422
"Suwannee",1813,10721,7010,6381,0.910271041369472
"Suwannee",1814,10721,5793,5102,0.880718108061453
"Suwannee",1815,10721,6745,5841,0.865974796145293
"Suwannee",1816,10721,6197,5951,0.960303372599645
"Suwannee",1817,10721,6397,4965,0.776145068000625
"Suwannee",1818,10721,6925,6323,0.913068592057762
"Suwannee",1819,10721,6628,5334,0.804767652383826
"Suwannee",1820,10721,4779,4474,0.936179116970077
"Suwannee",1821,10721,8150,7436,0.91239263803681
"Suwannee",1822,10721,6604,6211,0.940490611750454
"Suwannee",1823,10721,7218,5353,0.741618176780272
"Suwannee",1824,10721,5521,4929,0.892773048360804
"Suwannee",1825,10721,6587,5833,0.885532108698952
"Suwannee",1826,10721,6266,5226,0.83402489626556
"Suwannee",1827,10721,7423,7144,0.962414118281018
"Suwannee",1828,10721,6172,5619,0.910401814646792
"Suwannee",1829,10721,6444,5891,0.914183736809435
"Suwannee",1830,10721,7081,6467,0.913289083462788
"Suwannee",1831,10721,7502,6359,0.847640629165556
"Suwannee",1832,10721,6283,5662,0.901161865350947
"Suwannee",1833,10721,5777,5197,0.89960186948243
"Suwannee",1834,10721,7036,6050,0.85986355884025
"Suwannee",1835,10721,8246,6749,0.818457433907349
"Suwannee",1836,10721,5524,4172,0.75524981897176
"Suwannee",1837,10721,6726,6209,0.923134106452572
"Suwannee",1838,10721,5297,5192,0.980177458939022
"Suwannee",1839,10721,5823,5581,0.958440666323201
"Suwannee",1840,10721,6663,5510,0.826954825153835
"Suwannee",1841,10721,6745,6126,0.908228317272053
"Suwannee",1842,10721,6174,5114,0.828312277291869
"Suwannee",1843,10721,6706,6501,0.969430360870862
"Suwannee",1844,10721,8321,6211,0.746424708568682
"Suwannee",1845,10721,7262,6697,0.922197741668962
"Suwannee",1846,10721,6214,5972,0.961055680720953
"Suwannee",1847,10721,7543,6735,0.8928808166512
"Suwannee",1848,10721,7557,6266,0.829165012571126
"Suwannee",1849,10721,7134,5586,0.783010933557611
"Suwannee",1850,10721,5640,5274,0.935106382978723
"Suwannee",1851,10721,6568,6053,0.921589524969549
"Suwannee",1852,10721,6842,6311,0.922391113709442
"Suwannee",1853,10721,7316,6960,0.951339529797704
"Suwannee",1854,10721,8187,6422,0.784414315378038
"Suwannee",1855,10721,6994,6398,0.914784100657707
"Suwannee",1856,10721,6559,5724,0.872694008232962
"Suwannee",1857,10721,7494,6317,0.842941019482252
"Suwannee",1858,10721,6899,6536,0.947383678794028
"Suwannee",1859,10721,5858,5427,0.926425401160806
"Suwannee",1860,10721,6797,6334,0.93188171252023
"Suwannee",1861,10721,3511,3046,0.867559099971518
"Suwannee",1862,10721,7196,6540,0.908838243468594
"Suwannee",1863,10721,5362,5218,0.973144349123461
"Suwannee",1864,10721,7444,6280,0.843632455668995
"Suwannee",1865,10721,7322,6765,0.92392788855504
"Suwannee",1866,10721,5210,4869,0.934548944337812
"Suwannee",1867,10721,8366,7387,0.882978723404255
"Suwannee",1868,10721,5117,4539,0.887043189368771
"Suwannee",1869,10721,7667,6386,0.832920307812704
"Suwannee",1870,10721,5837,5184,0.888127462737708
"Suwannee",1871,10721,6923,6303,0.91044344937166
"Suwannee",1872,10721,6452,5790,0.897396156230626
"Suwannee",1873,10721,4064,3735,0.919045275590551
"Suwannee",1874,10721,6189,4588,0.741315236710292
"Suwannee",1875,10721,7631,6387,0.836980736469663
"Suwannee",1876,10721,7932,7309,0.921457387796268
"Suwannee",1877,10721,5304,4765,0.898378582202112
"Suwannee",1878,10721,6776,6078,0.896989374262102
"Suwannee",1879,10721,8062,7338,0.910195981146118
"Suwannee",1880,10721,7803,7430,0.952197872613098
"Suwannee",1881,10721,4490,4199,0.935189309576837
"Suwannee",1882,10721,7009,6509,0.928663147381938
"Suwannee",1883,10721,6086,5835,0.958757804797897
"Suwannee",1884,10721,5146,4360,0.847260007773028
"Suwannee",1885,10721,7086,5781,0.815834038950042
"Suwannee",1886,10721,5077,4865,0.95824305692338
"Suwannee",1887,10721,7335,6496,0.885616905248807
"Suwannee",1888,10721,5033,4366,0.867474667196503
"Suwannee",1889,10721,7315,5500,0.75187969924812
"Suwannee",1890,10721,7971,7510,0.942165349391544
"Suwannee",1891,10721,7094,6880,0.969833662249789
"Suwannee",1892,10721,4381,3983,0.909153161378681
"Suwannee",1893,10721,6194,5851,0.944623829512431
"Suwannee",1894,10721,5838,5068,0.86810551558753
"Suwannee",1895,10721,6059,4812,0.794190460472025
"Suwannee",1896,10721,7225,6329,0.87598615916955
"Suwannee",1897,10721,7639,7235,0.94711349653096
"Suwannee",1898,10721,6816,6504,0.954225352112676
"Suwannee",1899,10721,5080,4787,0.942322834645669
"Suwannee",1900,10721,6155,5480,0.890333062550772
"Suwannee",1901,10721,7150,5807,0.812167832167832
"Suwannee",1902,10721,5333,4960,0.93005812863304
"Suwannee",1903,10721,4855,4211,0.86735324407827
"Suwannee",1904,10721,6314,5555,0.879790940766551
"Suwannee",1905,10721,7182,6458,0.899192425508215
"Suwannee",1906,10721,7697,7414,0.963232428218787
"Suwannee",1907,10721,5947,5629,0.946527661005549
"Suwannee",1908,10721,5848,5093,0.870896032831737
"Suwannee",1909,10721,5729,5523,0.9640425903299
"Suwannee",1910,10721,6132,5665,0.923842139595564
"Suwannee",1911,10721,6392,5850,0.915206508135169
"Suwannee",1912,10721,6841,6303,0.921356526823564
"Suwannee",1913,10721,6461,6107,0.945209719857607
"Suwannee",1914,10721,7388,6903,0.934353004872767
"Suwannee",1915,10721,7589,6279,0.827381736724206
"Suwannee",1916,10721,6955,5668,0.814953271028037
"Suwannee",1917,10721,8798,7766,0.882700613775858
"Suwannee",1918,10721,7154,6171,0.862594352809617
"Suwannee",1919,10721,6954,6068,0.872591314351452
"Suwannee",1920,10721,6717,6327,0.94193836534167
"Suwannee",1921,10721,6351,5268,0.829475673122343
"Suwannee",1922,10721,7889,7048,0.893395867663836
"Suwannee",1923,10721,8700,7179,0.825172413793103
"Suwannee",1924,10721,4936,4570,0.925850891410049
"Suwannee",1925,10721,6214,5913,0.951560991309945
"Suwannee",1926,10721,6813,6069,0.89079700572435
"Suwannee",1927,10721,6816,6305,0.925029342723005
"Suwannee",1928,10721,6952,6141,0.883342922899885
"Suwannee",1929,10721,5293,4882,0.922350273946722
"Suwannee",1930,10721,7628,6684,0.876245411641321
"Suwannee",1931,10721,7026,6027,0.857813834329633
"Suwannee",1932,10721,5166,4855,0.939798683701123
"Suwannee",1933,10721,5628,5327,0.946517412935323
"Suwannee",1934,10721,5826,5463,0.937693099897013
"Suwannee",1935,10721,6460,5165,0.79953560371517
"Suwannee",1936,10721,4160,3782,0.909134615384615
"Suwannee",1937,10721,6843,5930,0.866578985824931
"Suwannee",1938,10721,5850,5232,0.894358974358974
"Suwannee",1939,10721,5576,5207,0.933823529411765
"Suwannee",1940,10721,6120,5878,0.960457516339869
"Suwannee",1941,10721,5928,5584,0.941970310391363
"Suwannee",1942,10721,5701,5090,0.892825820031573
"Suwannee",1943,10721,7000,6150,0.878571428571429
"Suwannee",1944,10721,7133,5680,0.796298892471611
"Suwannee",1945,10721,5875,5563,0.946893617021277
"Suwannee",1946,10721,8946,7587,0.848088531187123
"Suwannee",1947,10721,5390,5006,0.928756957328386
"Suwannee",1948,10721,3841,3759,0.978651392866441
"Suwannee",1949,10721,7337,6326,0.862205261005861
"Suwannee",1950,10721,4554,4128,0.906455862977602
"Suwannee",1951,10721,6196,5344,0.862491930277598
"Suwannee",1952,10721,6785,5153,0.759469417833456
"Suwannee",1953,10721,5855,5508,0.940734415029889
"Suwannee",1954,10721,5487,5019,0.91470749043193
"Suwannee",1955,10721,7815,7191,0.920153550863724
"Suwannee",1956,10721,7080,6420,0.906779661016949
"Suwannee",1957,10721,5465,5032,0.920768526989936
"Suwannee",1958,10721,4473,3895,0.87078023697742
"Suwannee",1959,10721,7071,5323,0.752793098571631
"Suwannee",1960,10721,5078,4289,0.844623867664435
"Suwannee",1961,10721,7036,6764,0.961341671404207
"Suwannee",1962,10721,5798,5319,0.917385305277682
"Suwannee",1963,10721,6053,5359,0.885346109367256
"Suwannee",1964,10721,6822,6603,0.967897977132806
"Suwannee",1965,10721,6930,5287,0.762914862914863
"Suwannee",1966,10721,6122,5428,0.886638353479255
"Suwannee",1967,10721,6756,6054,0.896092362344583
"Suwannee",1968,10721,7946,7248,0.912157060156053
"Suwannee",1969,10721,4512,3807,0.84375
"Suwannee",1970,10721,7278,6624,0.910140148392416
"Suwannee",1971,10721,5063,4427,0.874382777009678
"Suwannee",1972,10721,5652,5098,0.901981599433829
"Suwannee",1973,10721,5075,4580,0.902463054187192
"Suwannee",1974,10721,4802,4268,0.888796334860475
"Suwannee",1975,10721,6692,6458,0.965032875074716
"Suwannee",1976,10721,6583,6218,0.944554154640741
"Suwannee",1977,10721,5900,4802,0.813898305084746
"Suwannee",1978,10721,6592,6083,0.922785194174757
"Suwannee",1979,10721,4713,4568,0.969234033524294
"Suwannee",1980,10721,5420,4306,0.794464944649447
"Suwannee",1981,10721,7258,6469,0.891292367043263
"Suwannee",1982,10721,6495,6215,0.956889915319477
"Suwannee",1983,10721,4321,3819,0.883823189076603
"Suwannee",1984,10721,5151,4922,0.955542613084838
"Suwannee",1985,10721,7773,6802,0.875080406535443
"Suwannee",1986,10721,7097,6423,0.90503029449063
"Suwannee",1987,10721,6865,6523,0.950182083029862
"Suwannee",1988,10721,7406,6981,0.942614096678369
"Suwannee",1989,10721,6572,5660,0.861229458307973
"Suwannee",1990,10721,6108,5516,0.903077930582842
"Suwannee",1991,10721,6308,5946,0.942612555485098
"Suwannee",1992,10721,8433,6896,0.817739831613898
"Suwannee",1993,10721,7027,5109,0.727052796356909
"Suwannee",1994,10721,5061,4744,0.93736415728117
"Suwannee",1995,10721,6159,5791,0.940250040591005
"Suwannee",1996,10721,7252,6305,0.869415333701048
"Suwannee",1997,10721,6833,5936,0.86872530367335
"Suwannee",1998,10721,4484,4200,0.936663693131133
"Suwannee",1999,10721,4828,4437,0.919014084507042
"Suwannee",2000,10721,6332,4380,0.691724573594441
